<?xml version="1.0" encoding="UTF-8"?><root CreationDate="3648456451" targetName="Piezography-21x16step-i1Pro.tif" colorSpace="rgb" channelCount="3" isFormatted="True" intendedUse="Custom" SessionFile=""><Colorants Red="54.67 76.04 73.33" Green="86.34 -77.59 78.79" Blue="35.46 57.38 -101.86"/><basePageDescription Height="296.926" Width="210.058" Orientation="Landscape" preferredUnits="2" topMargin="19.1" rightMargin="12.7" bottomMargin="19.1" leftMargin="12.7"/><patchSpec intendedInstrument="Eye-One" patchWidth="8" patchHeight="10" gapWidth="0" gapHeight="0.75" headerLength="0" trailerLength="0"><TargetConfiguration DisplayName="i1Pro" DeviceClass="Eye-One"><DesignSettings AllowMultipleDevPagesPerPrintedPage="False" BlackStarters="True" BottomMargin="12" ColumnLabelType="Number" DashedHorizontalSpacers="False" DashedPageOutline="False" DashedVerticalSpacers="False" LeftMargin="0" MaxColumns="300" MaximumPageHeight="252" MaximumPageWidth="609.6" MaxRows="300" MinimumPageHeight="101.6" MinimumPageWidth="101.6" RightMargin="0" RotateOddPages="False" RowPriority="False" SetSlugLinePosition="Right" SpacerType="Black" TopMargin="24" UseRowLabels="False" Direction="2"/><DeviceSpecificDesign MinimumGapHeight="0" MaximumGapHeight="10" DefaultGapHeight="0.75" MinimumGapWidth="0" MaximumGapWidth="10" DefaultGapWidth="0" MinimumPatchWidth="8" MaximumPatchWidth="20" DefaultPatchWidth="8" MinimumPatchHeight="10" MaximumPatchHeight="20" DefaultPatchHeight="10" MinimumTrailerLength="0" MaximumTrailerLength="0" DefaultTrailerLength="0" MinimumHeaderLength="0" MaximumHeaderLength="0" DefaultHeaderLength="0" ColumnSeparatorName="" RowSeparatorName=""/></TargetConfiguration></patchSpec><pages><targetPage index="1" Columns="31" Rows="11" Priority="Column" TDL="" CSVString="" totalPatches="336"><patchSpec index="1" colorSpace="rgb" deviceValues="255 255 255" Patch_ID="" BlankPatch="False" Measured="False"/><patchSpec index="2" colorSpace="rgb" deviceValues="242.25 242.25 242.25" Patch_ID="" BlankPatch="False" Measured="False"/><patchSpec index="3" colorSpace="rgb" deviceValues="229.5 229.5 229.5" Patch_ID="" BlankPatch="False" Measured="False"/><patchSpec index="4" colorSpace="rgb" deviceValues="216.75 216.75 216.75" Patch_ID="" BlankPatch="False" Measured="False"/><patchSpec index="5" colorSpace="rgb" deviceValues="204 204 204" Patch_ID="" BlankPatch="False" Measured="False"/><patchSpec index="6" colorSpace="rgb" deviceValues="191.25 191.25 191.25" Patch_ID="" BlankPatch="False" Measured="False"/><patchSpec index="7" colorSpace="rgb" deviceValues="178.5 178.5 178.5" Patch_ID="" BlankPatch="False" Measured="False"/><patchSpec index="8" colorSpace="rgb" deviceValues="165.75 165.75 165.75" Patch_ID="" BlankPatch="False" Measured="False"/><patchSpec index="9" colorSpace="rgb" deviceValues="153 153 153" Patch_ID="" BlankPatch="False" Measured="False"/><patchSpec index="10" colorSpace="rgb" deviceValues="140.25 140.25 140.25" Patch_ID="" BlankPatch="False" Measured="False"/><patchSpec index="11" colorSpace="rgb" deviceValues="127.5 127.5 127.5" Patch_ID="" BlankPatch="False" Measured="False"/><patchSpec index="12" colorSpace="rgb" deviceValues="114.75 114.75 114.75" Patch_ID="" BlankPatch="False" Measured="False"/><patchSpec index="13" colorSpace="rgb" deviceValues="102 102 102" Patch_ID="" BlankPatch="False" Measured="False"/><patchSpec index="14" colorSpace="rgb" deviceValues="89.25 89.25 89.25" Patch_ID="" BlankPatch="False" Measured="False"/><patchSpec index="15" colorSpace="rgb" deviceValues="76.5 76.5 76.5" Patch_ID="" BlankPatch="False" Measured="False"/><patchSpec index="16" colorSpace="rgb" deviceValues="63.75 63.75 63.75" Patch_ID="" BlankPatch="False" Measured="False"/><patchSpec index="17" colorSpace="rgb" deviceValues="51 51 51" Patch_ID="" BlankPatch="False" Measured="False"/><patchSpec index="18" colorSpace="rgb" deviceValues="38.25 38.25 38.25" Patch_ID="" BlankPatch="False" Measured="False"/><patchSpec index="19" colorSpace="rgb" deviceValues="25.5 25.5 25.5" Patch_ID="" BlankPatch="False" Measured="False"/><patchSpec index="20" colorSpace="rgb" deviceValues="12.75 12.75 12.75" Patch_ID="" BlankPatch="False" Measured="False"/><patchSpec index="21" colorSpace="rgb" deviceValues="0 0 0" Patch_ID="" BlankPatch="False" Measured="False"/><patchSpec index="22" colorSpace="rgb" deviceValues="255 255 255" Patch_ID="" BlankPatch="False" Measured="False"/><patchSpec index="23" colorSpace="rgb" deviceValues="242.25 242.25 242.25" Patch_ID="" BlankPatch="False" Measured="False"/><patchSpec index="24" colorSpace="rgb" deviceValues="229.5 229.5 229.5" Patch_ID="" BlankPatch="False" Measured="False"/><patchSpec index="25" colorSpace="rgb" deviceValues="216.75 216.75 216.75" Patch_ID="" BlankPatch="False" Measured="False"/><patchSpec index="26" colorSpace="rgb" deviceValues="204 204 204" Patch_ID="" BlankPatch="False" Measured="False"/><patchSpec index="27" colorSpace="rgb" deviceValues="191.25 191.25 191.25" Patch_ID="" BlankPatch="False" Measured="False"/><patchSpec index="28" colorSpace="rgb" deviceValues="178.5 178.5 178.5" Patch_ID="" BlankPatch="False" Measured="False"/><patchSpec index="29" colorSpace="rgb" deviceValues="165.75 165.75 165.75" Patch_ID="" BlankPatch="False" Measured="False"/><patchSpec index="30" colorSpace="rgb" deviceValues="153 153 153" Patch_ID="" BlankPatch="False" Measured="False"/><patchSpec index="31" colorSpace="rgb" deviceValues="140.25 140.25 140.25" Patch_ID="" BlankPatch="False" Measured="False"/><patchSpec index="32" colorSpace="rgb" deviceValues="127.5 127.5 127.5" Patch_ID="" BlankPatch="False" Measured="False"/><patchSpec index="33" colorSpace="rgb" deviceValues="114.75 114.75 114.75" Patch_ID="" BlankPatch="False" Measured="False"/><patchSpec index="34" colorSpace="rgb" deviceValues="102 102 102" Patch_ID="" BlankPatch="False" Measured="False"/><patchSpec index="35" colorSpace="rgb" deviceValues="89.25 89.25 89.25" Patch_ID="" BlankPatch="False" Measured="False"/><patchSpec index="36" colorSpace="rgb" deviceValues="76.5 76.5 76.5" Patch_ID="" BlankPatch="False" Measured="False"/><patchSpec index="37" colorSpace="rgb" deviceValues="63.75 63.75 63.75" Patch_ID="" BlankPatch="False" Measured="False"/><patchSpec index="38" colorSpace="rgb" deviceValues="51 51 51" Patch_ID="" BlankPatch="False" Measured="False"/><patchSpec index="39" colorSpace="rgb" deviceValues="38.25 38.25 38.25" Patch_ID="" BlankPatch="False" Measured="False"/><patchSpec index="40" colorSpace="rgb" deviceValues="25.5 25.5 25.5" Patch_ID="" BlankPatch="False" Measured="False"/><patchSpec index="41" colorSpace="rgb" deviceValues="12.75 12.75 12.75" Patch_ID="" BlankPatch="False" Measured="False"/><patchSpec index="42" colorSpace="rgb" deviceValues="0 0 0" Patch_ID="" BlankPatch="False" Measured="False"/><patchSpec index="43" colorSpace="rgb" deviceValues="255 255 255" Patch_ID="" BlankPatch="False" Measured="False"/><patchSpec index="44" colorSpace="rgb" deviceValues="242.25 242.25 242.25" Patch_ID="" BlankPatch="False" Measured="False"/><patchSpec index="45" colorSpace="rgb" deviceValues="229.5 229.5 229.5" Patch_ID="" BlankPatch="False" Measured="False"/><patchSpec index="46" colorSpace="rgb" deviceValues="216.75 216.75 216.75" Patch_ID="" BlankPatch="False" Measured="False"/><patchSpec index="47" colorSpace="rgb" deviceValues="204 204 204" Patch_ID="" BlankPatch="False" Measured="False"/><patchSpec index="48" colorSpace="rgb" deviceValues="191.25 191.25 191.25" Patch_ID="" BlankPatch="False" Measured="False"/><patchSpec index="49" colorSpace="rgb" deviceValues="178.5 178.5 178.5" Patch_ID="" BlankPatch="False" Measured="False"/><patchSpec index="50" colorSpace="rgb" deviceValues="165.75 165.75 165.75" Patch_ID="" BlankPatch="False" Measured="False"/><patchSpec index="51" colorSpace="rgb" deviceValues="153 153 153" Patch_ID="" BlankPatch="False" Measured="False"/><patchSpec index="52" colorSpace="rgb" deviceValues="140.25 140.25 140.25" Patch_ID="" BlankPatch="False" Measured="False"/><patchSpec index="53" colorSpace="rgb" deviceValues="127.5 127.5 127.5" Patch_ID="" BlankPatch="False" Measured="False"/><patchSpec index="54" colorSpace="rgb" deviceValues="114.75 114.75 114.75" Patch_ID="" BlankPatch="False" Measured="False"/><patchSpec index="55" colorSpace="rgb" deviceValues="102 102 102" Patch_ID="" BlankPatch="False" Measured="False"/><patchSpec index="56" colorSpace="rgb" deviceValues="89.25 89.25 89.25" Patch_ID="" BlankPatch="False" Measured="False"/><patchSpec index="57" colorSpace="rgb" deviceValues="76.5 76.5 76.5" Patch_ID="" BlankPatch="False" Measured="False"/><patchSpec index="58" colorSpace="rgb" deviceValues="63.75 63.75 63.75" Patch_ID="" BlankPatch="False" Measured="False"/><patchSpec index="59" colorSpace="rgb" deviceValues="51 51 51" Patch_ID="" BlankPatch="False" Measured="False"/><patchSpec index="60" colorSpace="rgb" deviceValues="38.25 38.25 38.25" Patch_ID="" BlankPatch="False" Measured="False"/><patchSpec index="61" colorSpace="rgb" deviceValues="25.5 25.5 25.5" Patch_ID="" BlankPatch="False" Measured="False"/><patchSpec index="62" colorSpace="rgb" deviceValues="12.75 12.75 12.75" Patch_ID="" BlankPatch="False" Measured="False"/><patchSpec index="63" colorSpace="rgb" deviceValues="0 0 0" Patch_ID="" BlankPatch="False" Measured="False"/><patchSpec index="64" colorSpace="rgb" deviceValues="255 255 255" Patch_ID="" BlankPatch="False" Measured="False"/><patchSpec index="65" colorSpace="rgb" deviceValues="242.25 242.25 242.25" Patch_ID="" BlankPatch="False" Measured="False"/><patchSpec index="66" colorSpace="rgb" deviceValues="229.5 229.5 229.5" Patch_ID="" BlankPatch="False" Measured="False"/><patchSpec index="67" colorSpace="rgb" deviceValues="216.75 216.75 216.75" Patch_ID="" BlankPatch="False" Measured="False"/><patchSpec index="68" colorSpace="rgb" deviceValues="204 204 204" Patch_ID="" BlankPatch="False" Measured="False"/><patchSpec index="69" colorSpace="rgb" deviceValues="191.25 191.25 191.25" Patch_ID="" BlankPatch="False" Measured="False"/><patchSpec index="70" colorSpace="rgb" deviceValues="178.5 178.5 178.5" Patch_ID="" BlankPatch="False" Measured="False"/><patchSpec index="71" colorSpace="rgb" deviceValues="165.75 165.75 165.75" Patch_ID="" BlankPatch="False" Measured="False"/><patchSpec index="72" colorSpace="rgb" deviceValues="153 153 153" Patch_ID="" BlankPatch="False" Measured="False"/><patchSpec index="73" colorSpace="rgb" deviceValues="140.25 140.25 140.25" Patch_ID="" BlankPatch="False" Measured="False"/><patchSpec index="74" colorSpace="rgb" deviceValues="127.5 127.5 127.5" Patch_ID="" BlankPatch="False" Measured="False"/><patchSpec index="75" colorSpace="rgb" deviceValues="114.75 114.75 114.75" Patch_ID="" BlankPatch="False" Measured="False"/><patchSpec index="76" colorSpace="rgb" deviceValues="102 102 102" Patch_ID="" BlankPatch="False" Measured="False"/><patchSpec index="77" colorSpace="rgb" deviceValues="89.25 89.25 89.25" Patch_ID="" BlankPatch="False" Measured="False"/><patchSpec index="78" colorSpace="rgb" deviceValues="76.5 76.5 76.5" Patch_ID="" BlankPatch="False" Measured="False"/><patchSpec index="79" colorSpace="rgb" deviceValues="63.75 63.75 63.75" Patch_ID="" BlankPatch="False" Measured="False"/><patchSpec index="80" colorSpace="rgb" deviceValues="51 51 51" Patch_ID="" BlankPatch="False" Measured="False"/><patchSpec index="81" colorSpace="rgb" deviceValues="38.25 38.25 38.25" Patch_ID="" BlankPatch="False" Measured="False"/><patchSpec index="82" colorSpace="rgb" deviceValues="25.5 25.5 25.5" Patch_ID="" BlankPatch="False" Measured="False"/><patchSpec index="83" colorSpace="rgb" deviceValues="12.75 12.75 12.75" Patch_ID="" BlankPatch="False" Measured="False"/><patchSpec index="84" colorSpace="rgb" deviceValues="0 0 0" Patch_ID="" BlankPatch="False" Measured="False"/><patchSpec index="85" colorSpace="rgb" deviceValues="255 255 255" Patch_ID="" BlankPatch="False" Measured="False"/><patchSpec index="86" colorSpace="rgb" deviceValues="242.25 242.25 242.25" Patch_ID="" BlankPatch="False" Measured="False"/><patchSpec index="87" colorSpace="rgb" deviceValues="229.5 229.5 229.5" Patch_ID="" BlankPatch="False" Measured="False"/><patchSpec index="88" colorSpace="rgb" deviceValues="216.75 216.75 216.75" Patch_ID="" BlankPatch="False" Measured="False"/><patchSpec index="89" colorSpace="rgb" deviceValues="204 204 204" Patch_ID="" BlankPatch="False" Measured="False"/><patchSpec index="90" colorSpace="rgb" deviceValues="191.25 191.25 191.25" Patch_ID="" BlankPatch="False" Measured="False"/><patchSpec index="91" colorSpace="rgb" deviceValues="178.5 178.5 178.5" Patch_ID="" BlankPatch="False" Measured="False"/><patchSpec index="92" colorSpace="rgb" deviceValues="165.75 165.75 165.75" Patch_ID="" BlankPatch="False" Measured="False"/><patchSpec index="93" colorSpace="rgb" deviceValues="153 153 153" Patch_ID="" BlankPatch="False" Measured="False"/><patchSpec index="94" colorSpace="rgb" deviceValues="140.25 140.25 140.25" Patch_ID="" BlankPatch="False" Measured="False"/><patchSpec index="95" colorSpace="rgb" deviceValues="127.5 127.5 127.5" Patch_ID="" BlankPatch="False" Measured="False"/><patchSpec index="96" colorSpace="rgb" deviceValues="114.75 114.75 114.75" Patch_ID="" BlankPatch="False" Measured="False"/><patchSpec index="97" colorSpace="rgb" deviceValues="102 102 102" Patch_ID="" BlankPatch="False" Measured="False"/><patchSpec index="98" colorSpace="rgb" deviceValues="89.25 89.25 89.25" Patch_ID="" BlankPatch="False" Measured="False"/><patchSpec index="99" colorSpace="rgb" deviceValues="76.5 76.5 76.5" Patch_ID="" BlankPatch="False" Measured="False"/><patchSpec index="100" colorSpace="rgb" deviceValues="63.75 63.75 63.75" Patch_ID="" BlankPatch="False" Measured="False"/><patchSpec index="101" colorSpace="rgb" deviceValues="51 51 51" Patch_ID="" BlankPatch="False" Measured="False"/><patchSpec index="102" colorSpace="rgb" deviceValues="38.25 38.25 38.25" Patch_ID="" BlankPatch="False" Measured="False"/><patchSpec index="103" colorSpace="rgb" deviceValues="25.5 25.5 25.5" Patch_ID="" BlankPatch="False" Measured="False"/><patchSpec index="104" colorSpace="rgb" deviceValues="12.75 12.75 12.75" Patch_ID="" BlankPatch="False" Measured="False"/><patchSpec index="105" colorSpace="rgb" deviceValues="0 0 0" Patch_ID="" BlankPatch="False" Measured="False"/><patchSpec index="106" colorSpace="rgb" deviceValues="255 255 255" Patch_ID="" BlankPatch="False" Measured="False"/><patchSpec index="107" colorSpace="rgb" deviceValues="242.25 242.25 242.25" Patch_ID="" BlankPatch="False" Measured="False"/><patchSpec index="108" colorSpace="rgb" deviceValues="229.5 229.5 229.5" Patch_ID="" BlankPatch="False" Measured="False"/><patchSpec index="109" colorSpace="rgb" deviceValues="216.75 216.75 216.75" Patch_ID="" BlankPatch="False" Measured="False"/><patchSpec index="110" colorSpace="rgb" deviceValues="204 204 204" Patch_ID="" BlankPatch="False" Measured="False"/><patchSpec index="111" colorSpace="rgb" deviceValues="191.25 191.25 191.25" Patch_ID="" BlankPatch="False" Measured="False"/><patchSpec index="112" colorSpace="rgb" deviceValues="178.5 178.5 178.5" Patch_ID="" BlankPatch="False" Measured="False"/><patchSpec index="113" colorSpace="rgb" deviceValues="165.75 165.75 165.75" Patch_ID="" BlankPatch="False" Measured="False"/><patchSpec index="114" colorSpace="rgb" deviceValues="153 153 153" Patch_ID="" BlankPatch="False" Measured="False"/><patchSpec index="115" colorSpace="rgb" deviceValues="140.25 140.25 140.25" Patch_ID="" BlankPatch="False" Measured="False"/><patchSpec index="116" colorSpace="rgb" deviceValues="127.5 127.5 127.5" Patch_ID="" BlankPatch="False" Measured="False"/><patchSpec index="117" colorSpace="rgb" deviceValues="114.75 114.75 114.75" Patch_ID="" BlankPatch="False" Measured="False"/><patchSpec index="118" colorSpace="rgb" deviceValues="102 102 102" Patch_ID="" BlankPatch="False" Measured="False"/><patchSpec index="119" colorSpace="rgb" deviceValues="89.25 89.25 89.25" Patch_ID="" BlankPatch="False" Measured="False"/><patchSpec index="120" colorSpace="rgb" deviceValues="76.5 76.5 76.5" Patch_ID="" BlankPatch="False" Measured="False"/><patchSpec index="121" colorSpace="rgb" deviceValues="63.75 63.75 63.75" Patch_ID="" BlankPatch="False" Measured="False"/><patchSpec index="122" colorSpace="rgb" deviceValues="51 51 51" Patch_ID="" BlankPatch="False" Measured="False"/><patchSpec index="123" colorSpace="rgb" deviceValues="38.25 38.25 38.25" Patch_ID="" BlankPatch="False" Measured="False"/><patchSpec index="124" colorSpace="rgb" deviceValues="25.5 25.5 25.5" Patch_ID="" BlankPatch="False" Measured="False"/><patchSpec index="125" colorSpace="rgb" deviceValues="12.75 12.75 12.75" Patch_ID="" BlankPatch="False" Measured="False"/><patchSpec index="126" colorSpace="rgb" deviceValues="0 0 0" Patch_ID="" BlankPatch="False" Measured="False"/><patchSpec index="127" colorSpace="rgb" deviceValues="255 255 255" Patch_ID="" BlankPatch="False" Measured="False"/><patchSpec index="128" colorSpace="rgb" deviceValues="242.25 242.25 242.25" Patch_ID="" BlankPatch="False" Measured="False"/><patchSpec index="129" colorSpace="rgb" deviceValues="229.5 229.5 229.5" Patch_ID="" BlankPatch="False" Measured="False"/><patchSpec index="130" colorSpace="rgb" deviceValues="216.75 216.75 216.75" Patch_ID="" BlankPatch="False" Measured="False"/><patchSpec index="131" colorSpace="rgb" deviceValues="204 204 204" Patch_ID="" BlankPatch="False" Measured="False"/><patchSpec index="132" colorSpace="rgb" deviceValues="191.25 191.25 191.25" Patch_ID="" BlankPatch="False" Measured="False"/><patchSpec index="133" colorSpace="rgb" deviceValues="178.5 178.5 178.5" Patch_ID="" BlankPatch="False" Measured="False"/><patchSpec index="134" colorSpace="rgb" deviceValues="165.75 165.75 165.75" Patch_ID="" BlankPatch="False" Measured="False"/><patchSpec index="135" colorSpace="rgb" deviceValues="153 153 153" Patch_ID="" BlankPatch="False" Measured="False"/><patchSpec index="136" colorSpace="rgb" deviceValues="140.25 140.25 140.25" Patch_ID="" BlankPatch="False" Measured="False"/><patchSpec index="137" colorSpace="rgb" deviceValues="127.5 127.5 127.5" Patch_ID="" BlankPatch="False" Measured="False"/><patchSpec index="138" colorSpace="rgb" deviceValues="114.75 114.75 114.75" Patch_ID="" BlankPatch="False" Measured="False"/><patchSpec index="139" colorSpace="rgb" deviceValues="102 102 102" Patch_ID="" BlankPatch="False" Measured="False"/><patchSpec index="140" colorSpace="rgb" deviceValues="89.25 89.25 89.25" Patch_ID="" BlankPatch="False" Measured="False"/><patchSpec index="141" colorSpace="rgb" deviceValues="76.5 76.5 76.5" Patch_ID="" BlankPatch="False" Measured="False"/><patchSpec index="142" colorSpace="rgb" deviceValues="63.75 63.75 63.75" Patch_ID="" BlankPatch="False" Measured="False"/><patchSpec index="143" colorSpace="rgb" deviceValues="51 51 51" Patch_ID="" BlankPatch="False" Measured="False"/><patchSpec index="144" colorSpace="rgb" deviceValues="38.25 38.25 38.25" Patch_ID="" BlankPatch="False" Measured="False"/><patchSpec index="145" colorSpace="rgb" deviceValues="25.5 25.5 25.5" Patch_ID="" BlankPatch="False" Measured="False"/><patchSpec index="146" colorSpace="rgb" deviceValues="12.75 12.75 12.75" Patch_ID="" BlankPatch="False" Measured="False"/><patchSpec index="147" colorSpace="rgb" deviceValues="0 0 0" Patch_ID="" BlankPatch="False" Measured="False"/><patchSpec index="148" colorSpace="rgb" deviceValues="255 255 255" Patch_ID="" BlankPatch="False" Measured="False"/><patchSpec index="149" colorSpace="rgb" deviceValues="242.25 242.25 242.25" Patch_ID="" BlankPatch="False" Measured="False"/><patchSpec index="150" colorSpace="rgb" deviceValues="229.5 229.5 229.5" Patch_ID="" BlankPatch="False" Measured="False"/><patchSpec index="151" colorSpace="rgb" deviceValues="216.75 216.75 216.75" Patch_ID="" BlankPatch="False" Measured="False"/><patchSpec index="152" colorSpace="rgb" deviceValues="204 204 204" Patch_ID="" BlankPatch="False" Measured="False"/><patchSpec index="153" colorSpace="rgb" deviceValues="191.25 191.25 191.25" Patch_ID="" BlankPatch="False" Measured="False"/><patchSpec index="154" colorSpace="rgb" deviceValues="178.5 178.5 178.5" Patch_ID="" BlankPatch="False" Measured="False"/><patchSpec index="155" colorSpace="rgb" deviceValues="165.75 165.75 165.75" Patch_ID="" BlankPatch="False" Measured="False"/><patchSpec index="156" colorSpace="rgb" deviceValues="153 153 153" Patch_ID="" BlankPatch="False" Measured="False"/><patchSpec index="157" colorSpace="rgb" deviceValues="140.25 140.25 140.25" Patch_ID="" BlankPatch="False" Measured="False"/><patchSpec index="158" colorSpace="rgb" deviceValues="127.5 127.5 127.5" Patch_ID="" BlankPatch="False" Measured="False"/><patchSpec index="159" colorSpace="rgb" deviceValues="114.75 114.75 114.75" Patch_ID="" BlankPatch="False" Measured="False"/><patchSpec index="160" colorSpace="rgb" deviceValues="102 102 102" Patch_ID="" BlankPatch="False" Measured="False"/><patchSpec index="161" colorSpace="rgb" deviceValues="89.25 89.25 89.25" Patch_ID="" BlankPatch="False" Measured="False"/><patchSpec index="162" colorSpace="rgb" deviceValues="76.5 76.5 76.5" Patch_ID="" BlankPatch="False" Measured="False"/><patchSpec index="163" colorSpace="rgb" deviceValues="63.75 63.75 63.75" Patch_ID="" BlankPatch="False" Measured="False"/><patchSpec index="164" colorSpace="rgb" deviceValues="51 51 51" Patch_ID="" BlankPatch="False" Measured="False"/><patchSpec index="165" colorSpace="rgb" deviceValues="38.25 38.25 38.25" Patch_ID="" BlankPatch="False" Measured="False"/><patchSpec index="166" colorSpace="rgb" deviceValues="25.5 25.5 25.5" Patch_ID="" BlankPatch="False" Measured="False"/><patchSpec index="167" colorSpace="rgb" deviceValues="12.75 12.75 12.75" Patch_ID="" BlankPatch="False" Measured="False"/><patchSpec index="168" colorSpace="rgb" deviceValues="0 0 0" Patch_ID="" BlankPatch="False" Measured="False"/><patchSpec index="169" colorSpace="rgb" deviceValues="255 255 255" Patch_ID="" BlankPatch="False" Measured="False"/><patchSpec index="170" colorSpace="rgb" deviceValues="242.25 242.25 242.25" Patch_ID="" BlankPatch="False" Measured="False"/><patchSpec index="171" colorSpace="rgb" deviceValues="229.5 229.5 229.5" Patch_ID="" BlankPatch="False" Measured="False"/><patchSpec index="172" colorSpace="rgb" deviceValues="216.75 216.75 216.75" Patch_ID="" BlankPatch="False" Measured="False"/><patchSpec index="173" colorSpace="rgb" deviceValues="204 204 204" Patch_ID="" BlankPatch="False" Measured="False"/><patchSpec index="174" colorSpace="rgb" deviceValues="191.25 191.25 191.25" Patch_ID="" BlankPatch="False" Measured="False"/><patchSpec index="175" colorSpace="rgb" deviceValues="178.5 178.5 178.5" Patch_ID="" BlankPatch="False" Measured="False"/><patchSpec index="176" colorSpace="rgb" deviceValues="165.75 165.75 165.75" Patch_ID="" BlankPatch="False" Measured="False"/><patchSpec index="177" colorSpace="rgb" deviceValues="153 153 153" Patch_ID="" BlankPatch="False" Measured="False"/><patchSpec index="178" colorSpace="rgb" deviceValues="140.25 140.25 140.25" Patch_ID="" BlankPatch="False" Measured="False"/><patchSpec index="179" colorSpace="rgb" deviceValues="127.5 127.5 127.5" Patch_ID="" BlankPatch="False" Measured="False"/><patchSpec index="180" colorSpace="rgb" deviceValues="114.75 114.75 114.75" Patch_ID="" BlankPatch="False" Measured="False"/><patchSpec index="181" colorSpace="rgb" deviceValues="102 102 102" Patch_ID="" BlankPatch="False" Measured="False"/><patchSpec index="182" colorSpace="rgb" deviceValues="89.25 89.25 89.25" Patch_ID="" BlankPatch="False" Measured="False"/><patchSpec index="183" colorSpace="rgb" deviceValues="76.5 76.5 76.5" Patch_ID="" BlankPatch="False" Measured="False"/><patchSpec index="184" colorSpace="rgb" deviceValues="63.75 63.75 63.75" Patch_ID="" BlankPatch="False" Measured="False"/><patchSpec index="185" colorSpace="rgb" deviceValues="51 51 51" Patch_ID="" BlankPatch="False" Measured="False"/><patchSpec index="186" colorSpace="rgb" deviceValues="38.25 38.25 38.25" Patch_ID="" BlankPatch="False" Measured="False"/><patchSpec index="187" colorSpace="rgb" deviceValues="25.5 25.5 25.5" Patch_ID="" BlankPatch="False" Measured="False"/><patchSpec index="188" colorSpace="rgb" deviceValues="12.75 12.75 12.75" Patch_ID="" BlankPatch="False" Measured="False"/><patchSpec index="189" colorSpace="rgb" deviceValues="0 0 0" Patch_ID="" BlankPatch="False" Measured="False"/><patchSpec index="190" colorSpace="rgb" deviceValues="255 255 255" Patch_ID="" BlankPatch="False" Measured="False"/><patchSpec index="191" colorSpace="rgb" deviceValues="242.25 242.25 242.25" Patch_ID="" BlankPatch="False" Measured="False"/><patchSpec index="192" colorSpace="rgb" deviceValues="229.5 229.5 229.5" Patch_ID="" BlankPatch="False" Measured="False"/><patchSpec index="193" colorSpace="rgb" deviceValues="216.75 216.75 216.75" Patch_ID="" BlankPatch="False" Measured="False"/><patchSpec index="194" colorSpace="rgb" deviceValues="204 204 204" Patch_ID="" BlankPatch="False" Measured="False"/><patchSpec index="195" colorSpace="rgb" deviceValues="191.25 191.25 191.25" Patch_ID="" BlankPatch="False" Measured="False"/><patchSpec index="196" colorSpace="rgb" deviceValues="178.5 178.5 178.5" Patch_ID="" BlankPatch="False" Measured="False"/><patchSpec index="197" colorSpace="rgb" deviceValues="165.75 165.75 165.75" Patch_ID="" BlankPatch="False" Measured="False"/><patchSpec index="198" colorSpace="rgb" deviceValues="153 153 153" Patch_ID="" BlankPatch="False" Measured="False"/><patchSpec index="199" colorSpace="rgb" deviceValues="140.25 140.25 140.25" Patch_ID="" BlankPatch="False" Measured="False"/><patchSpec index="200" colorSpace="rgb" deviceValues="127.5 127.5 127.5" Patch_ID="" BlankPatch="False" Measured="False"/><patchSpec index="201" colorSpace="rgb" deviceValues="114.75 114.75 114.75" Patch_ID="" BlankPatch="False" Measured="False"/><patchSpec index="202" colorSpace="rgb" deviceValues="102 102 102" Patch_ID="" BlankPatch="False" Measured="False"/><patchSpec index="203" colorSpace="rgb" deviceValues="89.25 89.25 89.25" Patch_ID="" BlankPatch="False" Measured="False"/><patchSpec index="204" colorSpace="rgb" deviceValues="76.5 76.5 76.5" Patch_ID="" BlankPatch="False" Measured="False"/><patchSpec index="205" colorSpace="rgb" deviceValues="63.75 63.75 63.75" Patch_ID="" BlankPatch="False" Measured="False"/><patchSpec index="206" colorSpace="rgb" deviceValues="51 51 51" Patch_ID="" BlankPatch="False" Measured="False"/><patchSpec index="207" colorSpace="rgb" deviceValues="38.25 38.25 38.25" Patch_ID="" BlankPatch="False" Measured="False"/><patchSpec index="208" colorSpace="rgb" deviceValues="25.5 25.5 25.5" Patch_ID="" BlankPatch="False" Measured="False"/><patchSpec index="209" colorSpace="rgb" deviceValues="12.75 12.75 12.75" Patch_ID="" BlankPatch="False" Measured="False"/><patchSpec index="210" colorSpace="rgb" deviceValues="0 0 0" Patch_ID="" BlankPatch="False" Measured="False"/><patchSpec index="211" colorSpace="rgb" deviceValues="255 255 255" Patch_ID="" BlankPatch="False" Measured="False"/><patchSpec index="212" colorSpace="rgb" deviceValues="242.25 242.25 242.25" Patch_ID="" BlankPatch="False" Measured="False"/><patchSpec index="213" colorSpace="rgb" deviceValues="229.5 229.5 229.5" Patch_ID="" BlankPatch="False" Measured="False"/><patchSpec index="214" colorSpace="rgb" deviceValues="216.75 216.75 216.75" Patch_ID="" BlankPatch="False" Measured="False"/><patchSpec index="215" colorSpace="rgb" deviceValues="204 204 204" Patch_ID="" BlankPatch="False" Measured="False"/><patchSpec index="216" colorSpace="rgb" deviceValues="191.25 191.25 191.25" Patch_ID="" BlankPatch="False" Measured="False"/><patchSpec index="217" colorSpace="rgb" deviceValues="178.5 178.5 178.5" Patch_ID="" BlankPatch="False" Measured="False"/><patchSpec index="218" colorSpace="rgb" deviceValues="165.75 165.75 165.75" Patch_ID="" BlankPatch="False" Measured="False"/><patchSpec index="219" colorSpace="rgb" deviceValues="153 153 153" Patch_ID="" BlankPatch="False" Measured="False"/><patchSpec index="220" colorSpace="rgb" deviceValues="140.25 140.25 140.25" Patch_ID="" BlankPatch="False" Measured="False"/><patchSpec index="221" colorSpace="rgb" deviceValues="127.5 127.5 127.5" Patch_ID="" BlankPatch="False" Measured="False"/><patchSpec index="222" colorSpace="rgb" deviceValues="114.75 114.75 114.75" Patch_ID="" BlankPatch="False" Measured="False"/><patchSpec index="223" colorSpace="rgb" deviceValues="102 102 102" Patch_ID="" BlankPatch="False" Measured="False"/><patchSpec index="224" colorSpace="rgb" deviceValues="89.25 89.25 89.25" Patch_ID="" BlankPatch="False" Measured="False"/><patchSpec index="225" colorSpace="rgb" deviceValues="76.5 76.5 76.5" Patch_ID="" BlankPatch="False" Measured="False"/><patchSpec index="226" colorSpace="rgb" deviceValues="63.75 63.75 63.75" Patch_ID="" BlankPatch="False" Measured="False"/><patchSpec index="227" colorSpace="rgb" deviceValues="51 51 51" Patch_ID="" BlankPatch="False" Measured="False"/><patchSpec index="228" colorSpace="rgb" deviceValues="38.25 38.25 38.25" Patch_ID="" BlankPatch="False" Measured="False"/><patchSpec index="229" colorSpace="rgb" deviceValues="25.5 25.5 25.5" Patch_ID="" BlankPatch="False" Measured="False"/><patchSpec index="230" colorSpace="rgb" deviceValues="12.75 12.75 12.75" Patch_ID="" BlankPatch="False" Measured="False"/><patchSpec index="231" colorSpace="rgb" deviceValues="0 0 0" Patch_ID="" BlankPatch="False" Measured="False"/><patchSpec index="232" colorSpace="rgb" deviceValues="255 255 255" Patch_ID="" BlankPatch="False" Measured="False"/><patchSpec index="233" colorSpace="rgb" deviceValues="242.25 242.25 242.25" Patch_ID="" BlankPatch="False" Measured="False"/><patchSpec index="234" colorSpace="rgb" deviceValues="229.5 229.5 229.5" Patch_ID="" BlankPatch="False" Measured="False"/><patchSpec index="235" colorSpace="rgb" deviceValues="216.75 216.75 216.75" Patch_ID="" BlankPatch="False" Measured="False"/><patchSpec index="236" colorSpace="rgb" deviceValues="204 204 204" Patch_ID="" BlankPatch="False" Measured="False"/><patchSpec index="237" colorSpace="rgb" deviceValues="191.25 191.25 191.25" Patch_ID="" BlankPatch="False" Measured="False"/><patchSpec index="238" colorSpace="rgb" deviceValues="178.5 178.5 178.5" Patch_ID="" BlankPatch="False" Measured="False"/><patchSpec index="239" colorSpace="rgb" deviceValues="165.75 165.75 165.75" Patch_ID="" BlankPatch="False" Measured="False"/><patchSpec index="240" colorSpace="rgb" deviceValues="153 153 153" Patch_ID="" BlankPatch="False" Measured="False"/><patchSpec index="241" colorSpace="rgb" deviceValues="140.25 140.25 140.25" Patch_ID="" BlankPatch="False" Measured="False"/><patchSpec index="242" colorSpace="rgb" deviceValues="127.5 127.5 127.5" Patch_ID="" BlankPatch="False" Measured="False"/><patchSpec index="243" colorSpace="rgb" deviceValues="114.75 114.75 114.75" Patch_ID="" BlankPatch="False" Measured="False"/><patchSpec index="244" colorSpace="rgb" deviceValues="102 102 102" Patch_ID="" BlankPatch="False" Measured="False"/><patchSpec index="245" colorSpace="rgb" deviceValues="89.25 89.25 89.25" Patch_ID="" BlankPatch="False" Measured="False"/><patchSpec index="246" colorSpace="rgb" deviceValues="76.5 76.5 76.5" Patch_ID="" BlankPatch="False" Measured="False"/><patchSpec index="247" colorSpace="rgb" deviceValues="63.75 63.75 63.75" Patch_ID="" BlankPatch="False" Measured="False"/><patchSpec index="248" colorSpace="rgb" deviceValues="51 51 51" Patch_ID="" BlankPatch="False" Measured="False"/><patchSpec index="249" colorSpace="rgb" deviceValues="38.25 38.25 38.25" Patch_ID="" BlankPatch="False" Measured="False"/><patchSpec index="250" colorSpace="rgb" deviceValues="25.5 25.5 25.5" Patch_ID="" BlankPatch="False" Measured="False"/><patchSpec index="251" colorSpace="rgb" deviceValues="12.75 12.75 12.75" Patch_ID="" BlankPatch="False" Measured="False"/><patchSpec index="252" colorSpace="rgb" deviceValues="0 0 0" Patch_ID="" BlankPatch="False" Measured="False"/><patchSpec index="253" colorSpace="rgb" deviceValues="255 255 255" Patch_ID="" BlankPatch="False" Measured="False"/><patchSpec index="254" colorSpace="rgb" deviceValues="242.25 242.25 242.25" Patch_ID="" BlankPatch="False" Measured="False"/><patchSpec index="255" colorSpace="rgb" deviceValues="229.5 229.5 229.5" Patch_ID="" BlankPatch="False" Measured="False"/><patchSpec index="256" colorSpace="rgb" deviceValues="216.75 216.75 216.75" Patch_ID="" BlankPatch="False" Measured="False"/><patchSpec index="257" colorSpace="rgb" deviceValues="204 204 204" Patch_ID="" BlankPatch="False" Measured="False"/><patchSpec index="258" colorSpace="rgb" deviceValues="191.25 191.25 191.25" Patch_ID="" BlankPatch="False" Measured="False"/><patchSpec index="259" colorSpace="rgb" deviceValues="178.5 178.5 178.5" Patch_ID="" BlankPatch="False" Measured="False"/><patchSpec index="260" colorSpace="rgb" deviceValues="165.75 165.75 165.75" Patch_ID="" BlankPatch="False" Measured="False"/><patchSpec index="261" colorSpace="rgb" deviceValues="153 153 153" Patch_ID="" BlankPatch="False" Measured="False"/><patchSpec index="262" colorSpace="rgb" deviceValues="140.25 140.25 140.25" Patch_ID="" BlankPatch="False" Measured="False"/><patchSpec index="263" colorSpace="rgb" deviceValues="127.5 127.5 127.5" Patch_ID="" BlankPatch="False" Measured="False"/><patchSpec index="264" colorSpace="rgb" deviceValues="114.75 114.75 114.75" Patch_ID="" BlankPatch="False" Measured="False"/><patchSpec index="265" colorSpace="rgb" deviceValues="102 102 102" Patch_ID="" BlankPatch="False" Measured="False"/><patchSpec index="266" colorSpace="rgb" deviceValues="89.25 89.25 89.25" Patch_ID="" BlankPatch="False" Measured="False"/><patchSpec index="267" colorSpace="rgb" deviceValues="76.5 76.5 76.5" Patch_ID="" BlankPatch="False" Measured="False"/><patchSpec index="268" colorSpace="rgb" deviceValues="63.75 63.75 63.75" Patch_ID="" BlankPatch="False" Measured="False"/><patchSpec index="269" colorSpace="rgb" deviceValues="51 51 51" Patch_ID="" BlankPatch="False" Measured="False"/><patchSpec index="270" colorSpace="rgb" deviceValues="38.25 38.25 38.25" Patch_ID="" BlankPatch="False" Measured="False"/><patchSpec index="271" colorSpace="rgb" deviceValues="25.5 25.5 25.5" Patch_ID="" BlankPatch="False" Measured="False"/><patchSpec index="272" colorSpace="rgb" deviceValues="12.75 12.75 12.75" Patch_ID="" BlankPatch="False" Measured="False"/><patchSpec index="273" colorSpace="rgb" deviceValues="0 0 0" Patch_ID="" BlankPatch="False" Measured="False"/><patchSpec index="274" colorSpace="rgb" deviceValues="255 255 255" Patch_ID="" BlankPatch="False" Measured="False"/><patchSpec index="275" colorSpace="rgb" deviceValues="242.25 242.25 242.25" Patch_ID="" BlankPatch="False" Measured="False"/><patchSpec index="276" colorSpace="rgb" deviceValues="229.5 229.5 229.5" Patch_ID="" BlankPatch="False" Measured="False"/><patchSpec index="277" colorSpace="rgb" deviceValues="216.75 216.75 216.75" Patch_ID="" BlankPatch="False" Measured="False"/><patchSpec index="278" colorSpace="rgb" deviceValues="204 204 204" Patch_ID="" BlankPatch="False" Measured="False"/><patchSpec index="279" colorSpace="rgb" deviceValues="191.25 191.25 191.25" Patch_ID="" BlankPatch="False" Measured="False"/><patchSpec index="280" colorSpace="rgb" deviceValues="178.5 178.5 178.5" Patch_ID="" BlankPatch="False" Measured="False"/><patchSpec index="281" colorSpace="rgb" deviceValues="165.75 165.75 165.75" Patch_ID="" BlankPatch="False" Measured="False"/><patchSpec index="282" colorSpace="rgb" deviceValues="153 153 153" Patch_ID="" BlankPatch="False" Measured="False"/><patchSpec index="283" colorSpace="rgb" deviceValues="140.25 140.25 140.25" Patch_ID="" BlankPatch="False" Measured="False"/><patchSpec index="284" colorSpace="rgb" deviceValues="127.5 127.5 127.5" Patch_ID="" BlankPatch="False" Measured="False"/><patchSpec index="285" colorSpace="rgb" deviceValues="114.75 114.75 114.75" Patch_ID="" BlankPatch="False" Measured="False"/><patchSpec index="286" colorSpace="rgb" deviceValues="102 102 102" Patch_ID="" BlankPatch="False" Measured="False"/><patchSpec index="287" colorSpace="rgb" deviceValues="89.25 89.25 89.25" Patch_ID="" BlankPatch="False" Measured="False"/><patchSpec index="288" colorSpace="rgb" deviceValues="76.5 76.5 76.5" Patch_ID="" BlankPatch="False" Measured="False"/><patchSpec index="289" colorSpace="rgb" deviceValues="63.75 63.75 63.75" Patch_ID="" BlankPatch="False" Measured="False"/><patchSpec index="290" colorSpace="rgb" deviceValues="51 51 51" Patch_ID="" BlankPatch="False" Measured="False"/><patchSpec index="291" colorSpace="rgb" deviceValues="38.25 38.25 38.25" Patch_ID="" BlankPatch="False" Measured="False"/><patchSpec index="292" colorSpace="rgb" deviceValues="25.5 25.5 25.5" Patch_ID="" BlankPatch="False" Measured="False"/><patchSpec index="293" colorSpace="rgb" deviceValues="12.75 12.75 12.75" Patch_ID="" BlankPatch="False" Measured="False"/><patchSpec index="294" colorSpace="rgb" deviceValues="0 0 0" Patch_ID="" BlankPatch="False" Measured="False"/><patchSpec index="295" colorSpace="rgb" deviceValues="255 255 255" Patch_ID="" BlankPatch="False" Measured="False"/><patchSpec index="296" colorSpace="rgb" deviceValues="242.25 242.25 242.25" Patch_ID="" BlankPatch="False" Measured="False"/><patchSpec index="297" colorSpace="rgb" deviceValues="229.5 229.5 229.5" Patch_ID="" BlankPatch="False" Measured="False"/><patchSpec index="298" colorSpace="rgb" deviceValues="216.75 216.75 216.75" Patch_ID="" BlankPatch="False" Measured="False"/><patchSpec index="299" colorSpace="rgb" deviceValues="204 204 204" Patch_ID="" BlankPatch="False" Measured="False"/><patchSpec index="300" colorSpace="rgb" deviceValues="191.25 191.25 191.25" Patch_ID="" BlankPatch="False" Measured="False"/><patchSpec index="301" colorSpace="rgb" deviceValues="178.5 178.5 178.5" Patch_ID="" BlankPatch="False" Measured="False"/><patchSpec index="302" colorSpace="rgb" deviceValues="165.75 165.75 165.75" Patch_ID="" BlankPatch="False" Measured="False"/><patchSpec index="303" colorSpace="rgb" deviceValues="153 153 153" Patch_ID="" BlankPatch="False" Measured="False"/><patchSpec index="304" colorSpace="rgb" deviceValues="140.25 140.25 140.25" Patch_ID="" BlankPatch="False" Measured="False"/><patchSpec index="305" colorSpace="rgb" deviceValues="127.5 127.5 127.5" Patch_ID="" BlankPatch="False" Measured="False"/><patchSpec index="306" colorSpace="rgb" deviceValues="114.75 114.75 114.75" Patch_ID="" BlankPatch="False" Measured="False"/><patchSpec index="307" colorSpace="rgb" deviceValues="102 102 102" Patch_ID="" BlankPatch="False" Measured="False"/><patchSpec index="308" colorSpace="rgb" deviceValues="89.25 89.25 89.25" Patch_ID="" BlankPatch="False" Measured="False"/><patchSpec index="309" colorSpace="rgb" deviceValues="76.5 76.5 76.5" Patch_ID="" BlankPatch="False" Measured="False"/><patchSpec index="310" colorSpace="rgb" deviceValues="63.75 63.75 63.75" Patch_ID="" BlankPatch="False" Measured="False"/><patchSpec index="311" colorSpace="rgb" deviceValues="51 51 51" Patch_ID="" BlankPatch="False" Measured="False"/><patchSpec index="312" colorSpace="rgb" deviceValues="38.25 38.25 38.25" Patch_ID="" BlankPatch="False" Measured="False"/><patchSpec index="313" colorSpace="rgb" deviceValues="25.5 25.5 25.5" Patch_ID="" BlankPatch="False" Measured="False"/><patchSpec index="314" colorSpace="rgb" deviceValues="12.75 12.75 12.75" Patch_ID="" BlankPatch="False" Measured="False"/><patchSpec index="315" colorSpace="rgb" deviceValues="0 0 0" Patch_ID="" BlankPatch="False" Measured="False"/><patchSpec index="316" colorSpace="rgb" deviceValues="255 255 255" Patch_ID="" BlankPatch="False" Measured="False"/><patchSpec index="317" colorSpace="rgb" deviceValues="242.25 242.25 242.25" Patch_ID="" BlankPatch="False" Measured="False"/><patchSpec index="318" colorSpace="rgb" deviceValues="229.5 229.5 229.5" Patch_ID="" BlankPatch="False" Measured="False"/><patchSpec index="319" colorSpace="rgb" deviceValues="216.75 216.75 216.75" Patch_ID="" BlankPatch="False" Measured="False"/><patchSpec index="320" colorSpace="rgb" deviceValues="204 204 204" Patch_ID="" BlankPatch="False" Measured="False"/><patchSpec index="321" colorSpace="rgb" deviceValues="191.25 191.25 191.25" Patch_ID="" BlankPatch="False" Measured="False"/><patchSpec index="322" colorSpace="rgb" deviceValues="178.5 178.5 178.5" Patch_ID="" BlankPatch="False" Measured="False"/><patchSpec index="323" colorSpace="rgb" deviceValues="165.75 165.75 165.75" Patch_ID="" BlankPatch="False" Measured="False"/><patchSpec index="324" colorSpace="rgb" deviceValues="153 153 153" Patch_ID="" BlankPatch="False" Measured="False"/><patchSpec index="325" colorSpace="rgb" deviceValues="140.25 140.25 140.25" Patch_ID="" BlankPatch="False" Measured="False"/><patchSpec index="326" colorSpace="rgb" deviceValues="127.5 127.5 127.5" Patch_ID="" BlankPatch="False" Measured="False"/><patchSpec index="327" colorSpace="rgb" deviceValues="114.75 114.75 114.75" Patch_ID="" BlankPatch="False" Measured="False"/><patchSpec index="328" colorSpace="rgb" deviceValues="102 102 102" Patch_ID="" BlankPatch="False" Measured="False"/><patchSpec index="329" colorSpace="rgb" deviceValues="89.25 89.25 89.25" Patch_ID="" BlankPatch="False" Measured="False"/><patchSpec index="330" colorSpace="rgb" deviceValues="76.5 76.5 76.5" Patch_ID="" BlankPatch="False" Measured="False"/><patchSpec index="331" colorSpace="rgb" deviceValues="63.75 63.75 63.75" Patch_ID="" BlankPatch="False" Measured="False"/><patchSpec index="332" colorSpace="rgb" deviceValues="51 51 51" Patch_ID="" BlankPatch="False" Measured="False"/><patchSpec index="333" colorSpace="rgb" deviceValues="38.25 38.25 38.25" Patch_ID="" BlankPatch="False" Measured="False"/><patchSpec index="334" colorSpace="rgb" deviceValues="25.5 25.5 25.5" Patch_ID="" BlankPatch="False" Measured="False"/><patchSpec index="335" colorSpace="rgb" deviceValues="12.75 12.75 12.75" Patch_ID="" BlankPatch="False" Measured="False"/><patchSpec index="336" colorSpace="rgb" deviceValues="0 0 0" Patch_ID="" BlankPatch="False" Measured="False"/></targetPage></pages></root>