<?xml version="1.0" encoding="UTF-8"?><root CreationDate="3561213210" targetName="129" colorSpace="rgb" channelCount="3" isFormatted="True" intendedUse="Custom" SessionFile=""><Colorants Red="54.67 76.04 73.33" Green="86.34 -77.59 78.79" Blue="35.46 57.38 -101.86"/><basePageDescription Height="254" Width="203.2" Orientation="Landscape" preferredUnits="2" topMargin="0" rightMargin="0" bottomMargin="0" leftMargin="0"/><patchSpec intendedInstrument="41" patchWidth="13" patchHeight="10" gapWidth="0.25" gapHeight="2" headerLength="44.9" trailerLength="29.9"><TargetConfiguration DisplayName="DTP41, DTP45" DeviceClass="41"><DesignSettings AllowMultipleDevPagesPerPrintedPage="True" BlackStarters="True" BottomMargin="0" ColumnLabelType="CircleArrowUP" DashedHorizontalSpacers="True" DashedPageOutline="True" DashedVerticalSpacers="True" LeftMargin="0.5" MaxColumns="300" MaximumPageHeight="1219" MaximumPageWidth="108" MaxRows="100" MinimumPageHeight="101" MinimumPageWidth="50.8" RightMargin="0.5" RotateOddPages="True" RowPriority="False" SetSlugLinePosition="Right" SpacerType="MultiColor" TopMargin="0" UseRowLabels="False" Direction="2"/><DeviceSpecificDesign MinimumGapHeight="1" MaximumGapHeight="20" DefaultGapHeight="2" MinimumGapWidth="0" MaximumGapWidth="20" DefaultGapWidth="0.25" MinimumPatchWidth="13" MaximumPatchWidth="30" DefaultPatchWidth="10" MinimumPatchHeight="7" MaximumPatchHeight="20" DefaultPatchHeight="10" MinimumTrailerLength="25.4" MaximumTrailerLength="50" DefaultTrailerLength="30" MinimumHeaderLength="25.4" MaximumHeaderLength="50" DefaultHeaderLength="45" ColumnSeparatorName="StripSpace" RowSeparatorName="SeparatorSize"/></TargetConfiguration></patchSpec><pages><targetPage index="1" Columns="6" Rows="9" Priority="Column" TDL="" CSVString="" totalPatches="54"><patchSpec index="1" colorSpace="rgb" deviceValues="255 255 255" Patch_ID="" BlankPatch="False" Measured="False"/><patchSpec index="2" colorSpace="rgb" deviceValues="253.0078 253.0078 253.0078" Patch_ID="" BlankPatch="False" Measured="False"/><patchSpec index="3" colorSpace="rgb" deviceValues="251.0156 251.0156 251.0156" Patch_ID="" BlankPatch="False" Measured="False"/><patchSpec index="4" colorSpace="rgb" deviceValues="249.0234 249.0234 249.0234" Patch_ID="" BlankPatch="False" Measured="False"/><patchSpec index="5" colorSpace="rgb" deviceValues="247.0312 247.0312 247.0312" Patch_ID="" BlankPatch="False" Measured="False"/><patchSpec index="6" colorSpace="rgb" deviceValues="245.0391 245.0391 245.0391" Patch_ID="" BlankPatch="False" Measured="False"/><patchSpec index="7" colorSpace="rgb" deviceValues="243.0469 243.0469 243.0469" Patch_ID="" BlankPatch="False" Measured="False"/><patchSpec index="8" colorSpace="rgb" deviceValues="241.0547 241.0547 241.0547" Patch_ID="" BlankPatch="False" Measured="False"/><patchSpec index="9" colorSpace="rgb" deviceValues="239.0625 239.0625 239.0625" Patch_ID="" BlankPatch="False" Measured="False"/><patchSpec index="10" colorSpace="rgb" deviceValues="237.0703 237.0703 237.0703" Patch_ID="" BlankPatch="False" Measured="False"/><patchSpec index="11" colorSpace="rgb" deviceValues="235.0781 235.0781 235.0781" Patch_ID="" BlankPatch="False" Measured="False"/><patchSpec index="12" colorSpace="rgb" deviceValues="233.0859 233.0859 233.0859" Patch_ID="" BlankPatch="False" Measured="False"/><patchSpec index="13" colorSpace="rgb" deviceValues="231.0938 231.0938 231.0938" Patch_ID="" BlankPatch="False" Measured="False"/><patchSpec index="14" colorSpace="rgb" deviceValues="229.1016 229.1016 229.1016" Patch_ID="" BlankPatch="False" Measured="False"/><patchSpec index="15" colorSpace="rgb" deviceValues="227.1094 227.1094 227.1094" Patch_ID="" BlankPatch="False" Measured="False"/><patchSpec index="16" colorSpace="rgb" deviceValues="225.1172 225.1172 225.1172" Patch_ID="" BlankPatch="False" Measured="False"/><patchSpec index="17" colorSpace="rgb" deviceValues="223.125 223.125 223.125" Patch_ID="" BlankPatch="False" Measured="False"/><patchSpec index="18" colorSpace="rgb" deviceValues="221.1328 221.1328 221.1328" Patch_ID="" BlankPatch="False" Measured="False"/><patchSpec index="19" colorSpace="rgb" deviceValues="219.1406 219.1406 219.1406" Patch_ID="" BlankPatch="False" Measured="False"/><patchSpec index="20" colorSpace="rgb" deviceValues="217.1484 217.1484 217.1484" Patch_ID="" BlankPatch="False" Measured="False"/><patchSpec index="21" colorSpace="rgb" deviceValues="215.1562 215.1562 215.1562" Patch_ID="" BlankPatch="False" Measured="False"/><patchSpec index="22" colorSpace="rgb" deviceValues="213.1641 213.1641 213.1641" Patch_ID="" BlankPatch="False" Measured="False"/><patchSpec index="23" colorSpace="rgb" deviceValues="211.1719 211.1719 211.1719" Patch_ID="" BlankPatch="False" Measured="False"/><patchSpec index="24" colorSpace="rgb" deviceValues="209.1797 209.1797 209.1797" Patch_ID="" BlankPatch="False" Measured="False"/><patchSpec index="25" colorSpace="rgb" deviceValues="207.1875 207.1875 207.1875" Patch_ID="" BlankPatch="False" Measured="False"/><patchSpec index="26" colorSpace="rgb" deviceValues="205.1953 205.1953 205.1953" Patch_ID="" BlankPatch="False" Measured="False"/><patchSpec index="27" colorSpace="rgb" deviceValues="203.2031 203.2031 203.2031" Patch_ID="" BlankPatch="False" Measured="False"/><patchSpec index="28" colorSpace="rgb" deviceValues="201.2109 201.2109 201.2109" Patch_ID="" BlankPatch="False" Measured="False"/><patchSpec index="29" colorSpace="rgb" deviceValues="199.2188 199.2188 199.2188" Patch_ID="" BlankPatch="False" Measured="False"/><patchSpec index="30" colorSpace="rgb" deviceValues="197.2266 197.2266 197.2266" Patch_ID="" BlankPatch="False" Measured="False"/><patchSpec index="31" colorSpace="rgb" deviceValues="195.2344 195.2344 195.2344" Patch_ID="" BlankPatch="False" Measured="False"/><patchSpec index="32" colorSpace="rgb" deviceValues="193.2422 193.2422 193.2422" Patch_ID="" BlankPatch="False" Measured="False"/><patchSpec index="33" colorSpace="rgb" deviceValues="191.25 191.25 191.25" Patch_ID="" BlankPatch="False" Measured="False"/><patchSpec index="34" colorSpace="rgb" deviceValues="189.2578 189.2578 189.2578" Patch_ID="" BlankPatch="False" Measured="False"/><patchSpec index="35" colorSpace="rgb" deviceValues="187.2656 187.2656 187.2656" Patch_ID="" BlankPatch="False" Measured="False"/><patchSpec index="36" colorSpace="rgb" deviceValues="185.2734 185.2734 185.2734" Patch_ID="" BlankPatch="False" Measured="False"/><patchSpec index="37" colorSpace="rgb" deviceValues="183.2812 183.2812 183.2812" Patch_ID="" BlankPatch="False" Measured="False"/><patchSpec index="38" colorSpace="rgb" deviceValues="181.2891 181.2891 181.2891" Patch_ID="" BlankPatch="False" Measured="False"/><patchSpec index="39" colorSpace="rgb" deviceValues="179.2969 179.2969 179.2969" Patch_ID="" BlankPatch="False" Measured="False"/><patchSpec index="40" colorSpace="rgb" deviceValues="177.3047 177.3047 177.3047" Patch_ID="" BlankPatch="False" Measured="False"/><patchSpec index="41" colorSpace="rgb" deviceValues="175.3125 175.3125 175.3125" Patch_ID="" BlankPatch="False" Measured="False"/><patchSpec index="42" colorSpace="rgb" deviceValues="173.3203 173.3203 173.3203" Patch_ID="" BlankPatch="False" Measured="False"/><patchSpec index="43" colorSpace="rgb" deviceValues="171.3281 171.3281 171.3281" Patch_ID="" BlankPatch="False" Measured="False"/><patchSpec index="44" colorSpace="rgb" deviceValues="169.3359 169.3359 169.3359" Patch_ID="" BlankPatch="False" Measured="False"/><patchSpec index="45" colorSpace="rgb" deviceValues="167.3438 167.3438 167.3438" Patch_ID="" BlankPatch="False" Measured="False"/><patchSpec index="46" colorSpace="rgb" deviceValues="165.3516 165.3516 165.3516" Patch_ID="" BlankPatch="False" Measured="False"/><patchSpec index="47" colorSpace="rgb" deviceValues="163.3594 163.3594 163.3594" Patch_ID="" BlankPatch="False" Measured="False"/><patchSpec index="48" colorSpace="rgb" deviceValues="161.3672 161.3672 161.3672" Patch_ID="" BlankPatch="False" Measured="False"/><patchSpec index="49" colorSpace="rgb" deviceValues="159.375 159.375 159.375" Patch_ID="" BlankPatch="False" Measured="False"/><patchSpec index="50" colorSpace="rgb" deviceValues="157.3828 157.3828 157.3828" Patch_ID="" BlankPatch="False" Measured="False"/><patchSpec index="51" colorSpace="rgb" deviceValues="155.3906 155.3906 155.3906" Patch_ID="" BlankPatch="False" Measured="False"/><patchSpec index="52" colorSpace="rgb" deviceValues="153.3984 153.3984 153.3984" Patch_ID="" BlankPatch="False" Measured="False"/><patchSpec index="53" colorSpace="rgb" deviceValues="151.4062 151.4062 151.4062" Patch_ID="" BlankPatch="False" Measured="False"/><patchSpec index="54" colorSpace="rgb" deviceValues="149.4141 149.4141 149.4141" Patch_ID="" BlankPatch="False" Measured="False"/></targetPage><targetPage index="2" Columns="6" Rows="9" Priority="Column" TDL="" CSVString="" totalPatches="54"><patchSpec index="1" colorSpace="rgb" deviceValues="147.4219 147.4219 147.4219" Patch_ID="" BlankPatch="False" Measured="False"/><patchSpec index="2" colorSpace="rgb" deviceValues="145.4297 145.4297 145.4297" Patch_ID="" BlankPatch="False" Measured="False"/><patchSpec index="3" colorSpace="rgb" deviceValues="143.4375 143.4375 143.4375" Patch_ID="" BlankPatch="False" Measured="False"/><patchSpec index="4" colorSpace="rgb" deviceValues="141.4453 141.4453 141.4453" Patch_ID="" BlankPatch="False" Measured="False"/><patchSpec index="5" colorSpace="rgb" deviceValues="139.4531 139.4531 139.4531" Patch_ID="" BlankPatch="False" Measured="False"/><patchSpec index="6" colorSpace="rgb" deviceValues="137.4609 137.4609 137.4609" Patch_ID="" BlankPatch="False" Measured="False"/><patchSpec index="7" colorSpace="rgb" deviceValues="135.4688 135.4688 135.4688" Patch_ID="" BlankPatch="False" Measured="False"/><patchSpec index="8" colorSpace="rgb" deviceValues="133.4766 133.4766 133.4766" Patch_ID="" BlankPatch="False" Measured="False"/><patchSpec index="9" colorSpace="rgb" deviceValues="131.4844 131.4844 131.4844" Patch_ID="" BlankPatch="False" Measured="False"/><patchSpec index="10" colorSpace="rgb" deviceValues="129.4922 129.4922 129.4922" Patch_ID="" BlankPatch="False" Measured="False"/><patchSpec index="11" colorSpace="rgb" deviceValues="127.5 127.5 127.5" Patch_ID="" BlankPatch="False" Measured="False"/><patchSpec index="12" colorSpace="rgb" deviceValues="125.5078 125.5078 125.5078" Patch_ID="" BlankPatch="False" Measured="False"/><patchSpec index="13" colorSpace="rgb" deviceValues="123.5156 123.5156 123.5156" Patch_ID="" BlankPatch="False" Measured="False"/><patchSpec index="14" colorSpace="rgb" deviceValues="121.5234 121.5234 121.5234" Patch_ID="" BlankPatch="False" Measured="False"/><patchSpec index="15" colorSpace="rgb" deviceValues="119.5312 119.5312 119.5312" Patch_ID="" BlankPatch="False" Measured="False"/><patchSpec index="16" colorSpace="rgb" deviceValues="117.5391 117.5391 117.5391" Patch_ID="" BlankPatch="False" Measured="False"/><patchSpec index="17" colorSpace="rgb" deviceValues="115.5469 115.5469 115.5469" Patch_ID="" BlankPatch="False" Measured="False"/><patchSpec index="18" colorSpace="rgb" deviceValues="113.5547 113.5547 113.5547" Patch_ID="" BlankPatch="False" Measured="False"/><patchSpec index="19" colorSpace="rgb" deviceValues="111.5625 111.5625 111.5625" Patch_ID="" BlankPatch="False" Measured="False"/><patchSpec index="20" colorSpace="rgb" deviceValues="109.5703 109.5703 109.5703" Patch_ID="" BlankPatch="False" Measured="False"/><patchSpec index="21" colorSpace="rgb" deviceValues="107.5781 107.5781 107.5781" Patch_ID="" BlankPatch="False" Measured="False"/><patchSpec index="22" colorSpace="rgb" deviceValues="105.5859 105.5859 105.5859" Patch_ID="" BlankPatch="False" Measured="False"/><patchSpec index="23" colorSpace="rgb" deviceValues="103.5938 103.5938 103.5938" Patch_ID="" BlankPatch="False" Measured="False"/><patchSpec index="24" colorSpace="rgb" deviceValues="101.6016 101.6016 101.6016" Patch_ID="" BlankPatch="False" Measured="False"/><patchSpec index="25" colorSpace="rgb" deviceValues="99.60938 99.60938 99.60938" Patch_ID="" BlankPatch="False" Measured="False"/><patchSpec index="26" colorSpace="rgb" deviceValues="97.61719 97.61719 97.61719" Patch_ID="" BlankPatch="False" Measured="False"/><patchSpec index="27" colorSpace="rgb" deviceValues="95.625 95.625 95.625" Patch_ID="" BlankPatch="False" Measured="False"/><patchSpec index="28" colorSpace="rgb" deviceValues="93.63281 93.63281 93.63281" Patch_ID="" BlankPatch="False" Measured="False"/><patchSpec index="29" colorSpace="rgb" deviceValues="91.64062 91.64062 91.64062" Patch_ID="" BlankPatch="False" Measured="False"/><patchSpec index="30" colorSpace="rgb" deviceValues="89.64844 89.64844 89.64844" Patch_ID="" BlankPatch="False" Measured="False"/><patchSpec index="31" colorSpace="rgb" deviceValues="87.65625 87.65625 87.65625" Patch_ID="" BlankPatch="False" Measured="False"/><patchSpec index="32" colorSpace="rgb" deviceValues="85.66406 85.66406 85.66406" Patch_ID="" BlankPatch="False" Measured="False"/><patchSpec index="33" colorSpace="rgb" deviceValues="83.67188 83.67188 83.67188" Patch_ID="" BlankPatch="False" Measured="False"/><patchSpec index="34" colorSpace="rgb" deviceValues="81.67969 81.67969 81.67969" Patch_ID="" BlankPatch="False" Measured="False"/><patchSpec index="35" colorSpace="rgb" deviceValues="79.6875 79.6875 79.6875" Patch_ID="" BlankPatch="False" Measured="False"/><patchSpec index="36" colorSpace="rgb" deviceValues="77.69531 77.69531 77.69531" Patch_ID="" BlankPatch="False" Measured="False"/><patchSpec index="37" colorSpace="rgb" deviceValues="75.70312 75.70312 75.70312" Patch_ID="" BlankPatch="False" Measured="False"/><patchSpec index="38" colorSpace="rgb" deviceValues="73.71094 73.71094 73.71094" Patch_ID="" BlankPatch="False" Measured="False"/><patchSpec index="39" colorSpace="rgb" deviceValues="71.71875 71.71875 71.71875" Patch_ID="" BlankPatch="False" Measured="False"/><patchSpec index="40" colorSpace="rgb" deviceValues="69.72656 69.72656 69.72656" Patch_ID="" BlankPatch="False" Measured="False"/><patchSpec index="41" colorSpace="rgb" deviceValues="67.73438 67.73438 67.73438" Patch_ID="" BlankPatch="False" Measured="False"/><patchSpec index="42" colorSpace="rgb" deviceValues="65.74219 65.74219 65.74219" Patch_ID="" BlankPatch="False" Measured="False"/><patchSpec index="43" colorSpace="rgb" deviceValues="63.75 63.75 63.75" Patch_ID="" BlankPatch="False" Measured="False"/><patchSpec index="44" colorSpace="rgb" deviceValues="61.75781 61.75781 61.75781" Patch_ID="" BlankPatch="False" Measured="False"/><patchSpec index="45" colorSpace="rgb" deviceValues="59.76562 59.76562 59.76562" Patch_ID="" BlankPatch="False" Measured="False"/><patchSpec index="46" colorSpace="rgb" deviceValues="57.77344 57.77344 57.77344" Patch_ID="" BlankPatch="False" Measured="False"/><patchSpec index="47" colorSpace="rgb" deviceValues="55.78125 55.78125 55.78125" Patch_ID="" BlankPatch="False" Measured="False"/><patchSpec index="48" colorSpace="rgb" deviceValues="53.78906 53.78906 53.78906" Patch_ID="" BlankPatch="False" Measured="False"/><patchSpec index="49" colorSpace="rgb" deviceValues="51.79688 51.79688 51.79688" Patch_ID="" BlankPatch="False" Measured="False"/><patchSpec index="50" colorSpace="rgb" deviceValues="49.80469 49.80469 49.80469" Patch_ID="" BlankPatch="False" Measured="False"/><patchSpec index="51" colorSpace="rgb" deviceValues="47.8125 47.8125 47.8125" Patch_ID="" BlankPatch="False" Measured="False"/><patchSpec index="52" colorSpace="rgb" deviceValues="45.82031 45.82031 45.82031" Patch_ID="" BlankPatch="False" Measured="False"/><patchSpec index="53" colorSpace="rgb" deviceValues="43.82812 43.82812 43.82812" Patch_ID="" BlankPatch="False" Measured="False"/><patchSpec index="54" colorSpace="rgb" deviceValues="41.83594 41.83594 41.83594" Patch_ID="" BlankPatch="False" Measured="False"/></targetPage><targetPage index="3" Columns="3" Rows="9" Priority="Column" TDL="" CSVString="" totalPatches="21"><patchSpec index="1" colorSpace="rgb" deviceValues="39.84375 39.84375 39.84375" Patch_ID="" BlankPatch="False" Measured="False"/><patchSpec index="2" colorSpace="rgb" deviceValues="37.85156 37.85156 37.85156" Patch_ID="" BlankPatch="False" Measured="False"/><patchSpec index="3" colorSpace="rgb" deviceValues="35.85938 35.85938 35.85938" Patch_ID="" BlankPatch="False" Measured="False"/><patchSpec index="4" colorSpace="rgb" deviceValues="33.86719 33.86719 33.86719" Patch_ID="" BlankPatch="False" Measured="False"/><patchSpec index="5" colorSpace="rgb" deviceValues="31.875 31.875 31.875" Patch_ID="" BlankPatch="False" Measured="False"/><patchSpec index="6" colorSpace="rgb" deviceValues="29.88281 29.88281 29.88281" Patch_ID="" BlankPatch="False" Measured="False"/><patchSpec index="7" colorSpace="rgb" deviceValues="27.89062 27.89062 27.89062" Patch_ID="" BlankPatch="False" Measured="False"/><patchSpec index="8" colorSpace="rgb" deviceValues="25.89844 25.89844 25.89844" Patch_ID="" BlankPatch="False" Measured="False"/><patchSpec index="9" colorSpace="rgb" deviceValues="23.90625 23.90625 23.90625" Patch_ID="" BlankPatch="False" Measured="False"/><patchSpec index="10" colorSpace="rgb" deviceValues="21.91406 21.91406 21.91406" Patch_ID="" BlankPatch="False" Measured="False"/><patchSpec index="11" colorSpace="rgb" deviceValues="19.92188 19.92188 19.92188" Patch_ID="" BlankPatch="False" Measured="False"/><patchSpec index="12" colorSpace="rgb" deviceValues="17.92969 17.92969 17.92969" Patch_ID="" BlankPatch="False" Measured="False"/><patchSpec index="13" colorSpace="rgb" deviceValues="15.9375 15.9375 15.9375" Patch_ID="" BlankPatch="False" Measured="False"/><patchSpec index="14" colorSpace="rgb" deviceValues="13.94531 13.94531 13.94531" Patch_ID="" BlankPatch="False" Measured="False"/><patchSpec index="15" colorSpace="rgb" deviceValues="11.95312 11.95312 11.95312" Patch_ID="" BlankPatch="False" Measured="False"/><patchSpec index="16" colorSpace="rgb" deviceValues="9.960938 9.960938 9.960938" Patch_ID="" BlankPatch="False" Measured="False"/><patchSpec index="17" colorSpace="rgb" deviceValues="7.96875 7.96875 7.96875" Patch_ID="" BlankPatch="False" Measured="False"/><patchSpec index="18" colorSpace="rgb" deviceValues="5.976562 5.976562 5.976562" Patch_ID="" BlankPatch="False" Measured="False"/><patchSpec index="19" colorSpace="rgb" deviceValues="3.984375 3.984375 3.984375" Patch_ID="" BlankPatch="False" Measured="False"/><patchSpec index="20" colorSpace="rgb" deviceValues="1.992188 1.992188 1.992188" Patch_ID="" BlankPatch="False" Measured="False"/><patchSpec index="21" colorSpace="rgb" deviceValues="0 0 0" Patch_ID="" BlankPatch="False" Measured="False"/></targetPage></pages><dtp41stripdef height="10" gap="2" trailer="29.9"/></root>