<?xml version="1.0" encoding="UTF-8"?><root CreationDate="3552627229" targetName="51" colorSpace="rgb" channelCount="3" isFormatted="True" intendedUse="Custom" SessionFile=""><Colorants Red="54.67 76.04 73.33" Green="86.34 -77.59 78.79" Blue="35.46 57.38 -101.86"/><basePageDescription Height="279.4" Width="215.9" Orientation="Portrait" preferredUnits="2" topMargin="12.7" rightMargin="12.7" bottomMargin="12.7" leftMargin="12.7"/><patchSpec intendedInstrument="70" patchWidth="7" patchHeight="14" gapWidth="0" gapHeight="0" headerLength="31" trailerLength="7"><TargetConfiguration DisplayName="DTP70" DeviceClass="70"><DesignSettings AllowMultipleDevPagesPerPrintedPage="False" BlackStarters="False" BottomMargin="0" ColumnLabelType="ArrowUpEndCols" DashedHorizontalSpacers="False" DashedPageOutline="True" DashedVerticalSpacers="False" LeftMargin="7" MaxColumns="300" MaximumPageHeight="381" MaximumPageWidth="225" MaxRows="300" MinimumPageHeight="140" MinimumPageWidth="88.5" RightMargin="7" RotateOddPages="False" RowPriority="False" SetSlugLinePosition="Bottom" SpacerType="None" TopMargin="0" UseRowLabels="False" Direction="1"><AlignmentBar IsRight="True" IsLeft="True" IsTop="False" IsBottom="False" Thickness="-1" Spacing="-1"/></DesignSettings><DeviceSpecificDesign MinimumGapHeight="0" MaximumGapHeight="0" DefaultGapHeight="0" MinimumGapWidth="0" MaximumGapWidth="0" DefaultGapWidth="0" MinimumPatchWidth="6" MaximumPatchWidth="20" DefaultPatchWidth="7" MinimumPatchHeight="6" MaximumPatchHeight="20" DefaultPatchHeight="7" MinimumTrailerLength="6.5" MaximumTrailerLength="35" DefaultTrailerLength="7" MinimumHeaderLength="30.5" MaximumHeaderLength="50" DefaultHeaderLength="31" ColumnSeparatorName="" RowSeparatorName=""/></TargetConfiguration></patchSpec><pages><targetPage index="1" Columns="23" Rows="3" Priority="Row" TDL="RT&#13;00SATX&#13;01HBTX&#13;0000GATX&#13;170000GCTX&#13;030000GRTX&#13;014.0000000GLTX&#13;031.0000000GTTX&#13;014.0000000PHTX&#13;007.0000000PWTX&#13;000.0000000PGTX&#13;000.0000000PSTX&#13;SingleGrid0000GITX&#13;0000AATX&#13;007.000014.000007.000031.0000000ARTX&#13;0100AATX&#13;007.000014.000175.000031.0000100ARTX&#13;PATCH_BAR0000ASTX&#13;PATCH_BAR0100ASTX&#13;LeftMark0000AITX&#13;RightMark0100AITX&#13;51HDTX&#13;189.000SWTX&#13;248.000SHTX&#13;007.000007.000007.000031.00000SRTX&#13;00MATX&#13;AlignOnMarks &quot;LeftMark&quot; &quot;RightMark&quot;00MCTX&#13;01MATX&#13;ScanGridAlign &quot;SingleGrid&quot;01MCTX&#13;DTTX" CSVString="" totalPatches="51"><patchSpec index="1" colorSpace="rgb" deviceValues="255 255 255" Patch_ID="" BlankPatch="False" Measured="False"/><patchSpec index="2" colorSpace="rgb" deviceValues="249.9 249.9 249.9" Patch_ID="" BlankPatch="False" Measured="False"/><patchSpec index="3" colorSpace="rgb" deviceValues="244.8 244.8 244.8" Patch_ID="" BlankPatch="False" Measured="False"/><patchSpec index="4" colorSpace="rgb" deviceValues="239.7 239.7 239.7" Patch_ID="" BlankPatch="False" Measured="False"/><patchSpec index="5" colorSpace="rgb" deviceValues="234.6 234.6 234.6" Patch_ID="" BlankPatch="False" Measured="False"/><patchSpec index="6" colorSpace="rgb" deviceValues="229.5 229.5 229.5" Patch_ID="" BlankPatch="False" Measured="False"/><patchSpec index="7" colorSpace="rgb" deviceValues="224.4 224.4 224.4" Patch_ID="" BlankPatch="False" Measured="False"/><patchSpec index="8" colorSpace="rgb" deviceValues="219.3 219.3 219.3" Patch_ID="" BlankPatch="False" Measured="False"/><patchSpec index="9" colorSpace="rgb" deviceValues="214.2 214.2 214.2" Patch_ID="" BlankPatch="False" Measured="False"/><patchSpec index="10" colorSpace="rgb" deviceValues="209.1 209.1 209.1" Patch_ID="" BlankPatch="False" Measured="False"/><patchSpec index="11" colorSpace="rgb" deviceValues="204 204 204" Patch_ID="" BlankPatch="False" Measured="False"/><patchSpec index="12" colorSpace="rgb" deviceValues="198.9 198.9 198.9" Patch_ID="" BlankPatch="False" Measured="False"/><patchSpec index="13" colorSpace="rgb" deviceValues="193.8 193.8 193.8" Patch_ID="" BlankPatch="False" Measured="False"/><patchSpec index="14" colorSpace="rgb" deviceValues="188.7 188.7 188.7" Patch_ID="" BlankPatch="False" Measured="False"/><patchSpec index="15" colorSpace="rgb" deviceValues="183.6 183.6 183.6" Patch_ID="" BlankPatch="False" Measured="False"/><patchSpec index="16" colorSpace="rgb" deviceValues="178.5 178.5 178.5" Patch_ID="" BlankPatch="False" Measured="False"/><patchSpec index="17" colorSpace="rgb" deviceValues="173.4 173.4 173.4" Patch_ID="" BlankPatch="False" Measured="False"/><patchSpec index="18" colorSpace="rgb" deviceValues="168.3 168.3 168.3" Patch_ID="" BlankPatch="False" Measured="False"/><patchSpec index="19" colorSpace="rgb" deviceValues="163.2 163.2 163.2" Patch_ID="" BlankPatch="False" Measured="False"/><patchSpec index="20" colorSpace="rgb" deviceValues="158.1 158.1 158.1" Patch_ID="" BlankPatch="False" Measured="False"/><patchSpec index="21" colorSpace="rgb" deviceValues="153 153 153" Patch_ID="" BlankPatch="False" Measured="False"/><patchSpec index="22" colorSpace="rgb" deviceValues="147.9 147.9 147.9" Patch_ID="" BlankPatch="False" Measured="False"/><patchSpec index="23" colorSpace="rgb" deviceValues="142.8 142.8 142.8" Patch_ID="" BlankPatch="False" Measured="False"/><patchSpec index="24" colorSpace="rgb" deviceValues="137.7 137.7 137.7" Patch_ID="" BlankPatch="False" Measured="False"/><patchSpec index="25" colorSpace="rgb" deviceValues="132.6 132.6 132.6" Patch_ID="" BlankPatch="False" Measured="False"/><patchSpec index="26" colorSpace="rgb" deviceValues="127.5 127.5 127.5" Patch_ID="" BlankPatch="False" Measured="False"/><patchSpec index="27" colorSpace="rgb" deviceValues="122.4 122.4 122.4" Patch_ID="" BlankPatch="False" Measured="False"/><patchSpec index="28" colorSpace="rgb" deviceValues="117.3 117.3 117.3" Patch_ID="" BlankPatch="False" Measured="False"/><patchSpec index="29" colorSpace="rgb" deviceValues="112.2 112.2 112.2" Patch_ID="" BlankPatch="False" Measured="False"/><patchSpec index="30" colorSpace="rgb" deviceValues="107.1 107.1 107.1" Patch_ID="" BlankPatch="False" Measured="False"/><patchSpec index="31" colorSpace="rgb" deviceValues="102 102 102" Patch_ID="" BlankPatch="False" Measured="False"/><patchSpec index="32" colorSpace="rgb" deviceValues="96.9 96.9 96.9" Patch_ID="" BlankPatch="False" Measured="False"/><patchSpec index="33" colorSpace="rgb" deviceValues="91.8 91.8 91.8" Patch_ID="" BlankPatch="False" Measured="False"/><patchSpec index="34" colorSpace="rgb" deviceValues="86.7 86.7 86.7" Patch_ID="" BlankPatch="False" Measured="False"/><patchSpec index="35" colorSpace="rgb" deviceValues="81.6 81.6 81.6" Patch_ID="" BlankPatch="False" Measured="False"/><patchSpec index="36" colorSpace="rgb" deviceValues="76.5 76.5 76.5" Patch_ID="" BlankPatch="False" Measured="False"/><patchSpec index="37" colorSpace="rgb" deviceValues="71.4 71.4 71.4" Patch_ID="" BlankPatch="False" Measured="False"/><patchSpec index="38" colorSpace="rgb" deviceValues="66.3 66.3 66.3" Patch_ID="" BlankPatch="False" Measured="False"/><patchSpec index="39" colorSpace="rgb" deviceValues="61.2 61.2 61.2" Patch_ID="" BlankPatch="False" Measured="False"/><patchSpec index="40" colorSpace="rgb" deviceValues="56.1 56.1 56.1" Patch_ID="" BlankPatch="False" Measured="False"/><patchSpec index="41" colorSpace="rgb" deviceValues="51 51 51" Patch_ID="" BlankPatch="False" Measured="False"/><patchSpec index="42" colorSpace="rgb" deviceValues="45.9 45.9 45.9" Patch_ID="" BlankPatch="False" Measured="False"/><patchSpec index="43" colorSpace="rgb" deviceValues="40.8 40.8 40.8" Patch_ID="" BlankPatch="False" Measured="False"/><patchSpec index="44" colorSpace="rgb" deviceValues="35.7 35.7 35.7" Patch_ID="" BlankPatch="False" Measured="False"/><patchSpec index="45" colorSpace="rgb" deviceValues="30.6 30.6 30.6" Patch_ID="" BlankPatch="False" Measured="False"/><patchSpec index="46" colorSpace="rgb" deviceValues="25.5 25.5 25.5" Patch_ID="" BlankPatch="False" Measured="False"/><patchSpec index="47" colorSpace="rgb" deviceValues="20.4 20.4 20.4" Patch_ID="" BlankPatch="False" Measured="False"/><patchSpec index="48" colorSpace="rgb" deviceValues="15.3 15.3 15.3" Patch_ID="" BlankPatch="False" Measured="False"/><patchSpec index="49" colorSpace="rgb" deviceValues="10.2 10.2 10.2" Patch_ID="" BlankPatch="False" Measured="False"/><patchSpec index="50" colorSpace="rgb" deviceValues="5.1 5.1 5.1" Patch_ID="" BlankPatch="False" Measured="False"/><patchSpec index="51" colorSpace="rgb" deviceValues="0 0 0" Patch_ID="" BlankPatch="False" Measured="False"/></targetPage></pages></root>