<?xml version="1.0" encoding="UTF-8"?><root CreationDate="3609925806" targetName="700" colorSpace="rgb" channelCount="3" isFormatted="True" intendedUse="Custom" SessionFile=""><Colorants Red="54.67 76.04 73.33" Green="86.34 -77.59 78.79" Blue="35.46 57.38 -101.86"/><basePageDescription Height="296.926" Width="210.058" Orientation="Portrait" preferredUnits="2" topMargin="6.35" rightMargin="13.97" bottomMargin="14.224" leftMargin="13.97"/><patchSpec intendedInstrument="70" patchWidth="7" patchHeight="7" gapWidth="0" gapHeight="0" headerLength="31" trailerLength="7"><TargetConfiguration DisplayName="DTP70" DeviceClass="70"><DesignSettings AllowMultipleDevPagesPerPrintedPage="False" BlackStarters="False" BottomMargin="0" ColumnLabelType="ArrowUpEndCols" DashedHorizontalSpacers="False" DashedPageOutline="True" DashedVerticalSpacers="False" LeftMargin="7" MaxColumns="300" MaximumPageHeight="381" MaximumPageWidth="225" MaxRows="300" MinimumPageHeight="140" MinimumPageWidth="88.5" RightMargin="7" RotateOddPages="False" RowPriority="False" SetSlugLinePosition="Bottom" SpacerType="None" TopMargin="0" UseRowLabels="False" Direction="1"><AlignmentBar IsRight="True" IsLeft="True" IsTop="False" IsBottom="False" Thickness="-1" Spacing="-1"/></DesignSettings><DeviceSpecificDesign MinimumGapHeight="0" MaximumGapHeight="0" DefaultGapHeight="0" MinimumGapWidth="0" MaximumGapWidth="0" DefaultGapWidth="0" MinimumPatchWidth="6" MaximumPatchWidth="20" DefaultPatchWidth="7" MinimumPatchHeight="6" MaximumPatchHeight="20" DefaultPatchHeight="7" MinimumTrailerLength="6.5" MaximumTrailerLength="35" DefaultTrailerLength="7" MinimumHeaderLength="30.5" MaximumHeaderLength="50" DefaultHeaderLength="31" ColumnSeparatorName="" RowSeparatorName=""/></TargetConfiguration></patchSpec><pages><targetPage index="1" Columns="22" Rows="32" Priority="Row" TDL="RT&#13;00SATX&#13;01HBTX&#13;0000GATX&#13;160000GCTX&#13;200000GRTX&#13;014.0000000GLTX&#13;031.0000000GTTX&#13;007.0000000PHTX&#13;007.0000000PWTX&#13;000.0000000PGTX&#13;000.0000000PSTX&#13;SingleGrid0000GITX&#13;0000AATX&#13;007.000007.000007.000031.0000000ARTX&#13;0100AATX&#13;007.000007.000168.000031.0000100ARTX&#13;PATCH_BAR0000ASTX&#13;PATCH_BAR0100ASTX&#13;LeftMark0000AITX&#13;RightMark0100AITX&#13;700HDTX&#13;182.000SWTX&#13;276.000SHTX&#13;007.000007.000007.000031.00000SRTX&#13;00MATX&#13;AlignOnMarks &quot;LeftMark&quot; &quot;RightMark&quot;00MCTX&#13;01MATX&#13;ScanGridAlign &quot;SingleGrid&quot;01MCTX&#13;DTTX" CSVString="" totalPatches="700"><patchSpec index="1" colorSpace="rgb" deviceValues="255 255 255" Patch_ID="" BlankPatch="False" Measured="False"/><patchSpec index="2" colorSpace="rgb" deviceValues="252.4242 252.4242 252.4242" Patch_ID="" BlankPatch="False" Measured="False"/><patchSpec index="3" colorSpace="rgb" deviceValues="249.8485 249.8485 249.8485" Patch_ID="" BlankPatch="False" Measured="False"/><patchSpec index="4" colorSpace="rgb" deviceValues="247.2727 247.2727 247.2727" Patch_ID="" BlankPatch="False" Measured="False"/><patchSpec index="5" colorSpace="rgb" deviceValues="244.697 244.697 244.697" Patch_ID="" BlankPatch="False" Measured="False"/><patchSpec index="6" colorSpace="rgb" deviceValues="242.1212 242.1212 242.1212" Patch_ID="" BlankPatch="False" Measured="False"/><patchSpec index="7" colorSpace="rgb" deviceValues="239.5455 239.5455 239.5455" Patch_ID="" BlankPatch="False" Measured="False"/><patchSpec index="8" colorSpace="rgb" deviceValues="236.9697 236.9697 236.9697" Patch_ID="" BlankPatch="False" Measured="False"/><patchSpec index="9" colorSpace="rgb" deviceValues="234.3939 234.3939 234.3939" Patch_ID="" BlankPatch="False" Measured="False"/><patchSpec index="10" colorSpace="rgb" deviceValues="231.8182 231.8182 231.8182" Patch_ID="" BlankPatch="False" Measured="False"/><patchSpec index="11" colorSpace="rgb" deviceValues="229.2424 229.2424 229.2424" Patch_ID="" BlankPatch="False" Measured="False"/><patchSpec index="12" colorSpace="rgb" deviceValues="226.6667 226.6667 226.6667" Patch_ID="" BlankPatch="False" Measured="False"/><patchSpec index="13" colorSpace="rgb" deviceValues="224.0909 224.0909 224.0909" Patch_ID="" BlankPatch="False" Measured="False"/><patchSpec index="14" colorSpace="rgb" deviceValues="221.5152 221.5152 221.5152" Patch_ID="" BlankPatch="False" Measured="False"/><patchSpec index="15" colorSpace="rgb" deviceValues="218.9394 218.9394 218.9394" Patch_ID="" BlankPatch="False" Measured="False"/><patchSpec index="16" colorSpace="rgb" deviceValues="216.3636 216.3636 216.3636" Patch_ID="" BlankPatch="False" Measured="False"/><patchSpec index="17" colorSpace="rgb" deviceValues="213.7879 213.7879 213.7879" Patch_ID="" BlankPatch="False" Measured="False"/><patchSpec index="18" colorSpace="rgb" deviceValues="211.2121 211.2121 211.2121" Patch_ID="" BlankPatch="False" Measured="False"/><patchSpec index="19" colorSpace="rgb" deviceValues="208.6364 208.6364 208.6364" Patch_ID="" BlankPatch="False" Measured="False"/><patchSpec index="20" colorSpace="rgb" deviceValues="206.0606 206.0606 206.0606" Patch_ID="" BlankPatch="False" Measured="False"/><patchSpec index="21" colorSpace="rgb" deviceValues="203.4848 203.4848 203.4848" Patch_ID="" BlankPatch="False" Measured="False"/><patchSpec index="22" colorSpace="rgb" deviceValues="200.9091 200.9091 200.9091" Patch_ID="" BlankPatch="False" Measured="False"/><patchSpec index="23" colorSpace="rgb" deviceValues="198.3333 198.3333 198.3333" Patch_ID="" BlankPatch="False" Measured="False"/><patchSpec index="24" colorSpace="rgb" deviceValues="195.7576 195.7576 195.7576" Patch_ID="" BlankPatch="False" Measured="False"/><patchSpec index="25" colorSpace="rgb" deviceValues="193.1818 193.1818 193.1818" Patch_ID="" BlankPatch="False" Measured="False"/><patchSpec index="26" colorSpace="rgb" deviceValues="190.6061 190.6061 190.6061" Patch_ID="" BlankPatch="False" Measured="False"/><patchSpec index="27" colorSpace="rgb" deviceValues="188.0303 188.0303 188.0303" Patch_ID="" BlankPatch="False" Measured="False"/><patchSpec index="28" colorSpace="rgb" deviceValues="185.4545 185.4545 185.4545" Patch_ID="" BlankPatch="False" Measured="False"/><patchSpec index="29" colorSpace="rgb" deviceValues="182.8788 182.8788 182.8788" Patch_ID="" BlankPatch="False" Measured="False"/><patchSpec index="30" colorSpace="rgb" deviceValues="180.303 180.303 180.303" Patch_ID="" BlankPatch="False" Measured="False"/><patchSpec index="31" colorSpace="rgb" deviceValues="177.7273 177.7273 177.7273" Patch_ID="" BlankPatch="False" Measured="False"/><patchSpec index="32" colorSpace="rgb" deviceValues="175.1515 175.1515 175.1515" Patch_ID="" BlankPatch="False" Measured="False"/><patchSpec index="33" colorSpace="rgb" deviceValues="172.5758 172.5758 172.5758" Patch_ID="" BlankPatch="False" Measured="False"/><patchSpec index="34" colorSpace="rgb" deviceValues="170 170 170" Patch_ID="" BlankPatch="False" Measured="False"/><patchSpec index="35" colorSpace="rgb" deviceValues="167.4242 167.4242 167.4242" Patch_ID="" BlankPatch="False" Measured="False"/><patchSpec index="36" colorSpace="rgb" deviceValues="164.8485 164.8485 164.8485" Patch_ID="" BlankPatch="False" Measured="False"/><patchSpec index="37" colorSpace="rgb" deviceValues="162.2727 162.2727 162.2727" Patch_ID="" BlankPatch="False" Measured="False"/><patchSpec index="38" colorSpace="rgb" deviceValues="159.697 159.697 159.697" Patch_ID="" BlankPatch="False" Measured="False"/><patchSpec index="39" colorSpace="rgb" deviceValues="157.1212 157.1212 157.1212" Patch_ID="" BlankPatch="False" Measured="False"/><patchSpec index="40" colorSpace="rgb" deviceValues="154.5455 154.5455 154.5455" Patch_ID="" BlankPatch="False" Measured="False"/><patchSpec index="41" colorSpace="rgb" deviceValues="151.9697 151.9697 151.9697" Patch_ID="" BlankPatch="False" Measured="False"/><patchSpec index="42" colorSpace="rgb" deviceValues="149.3939 149.3939 149.3939" Patch_ID="" BlankPatch="False" Measured="False"/><patchSpec index="43" colorSpace="rgb" deviceValues="146.8182 146.8182 146.8182" Patch_ID="" BlankPatch="False" Measured="False"/><patchSpec index="44" colorSpace="rgb" deviceValues="144.2424 144.2424 144.2424" Patch_ID="" BlankPatch="False" Measured="False"/><patchSpec index="45" colorSpace="rgb" deviceValues="141.6667 141.6667 141.6667" Patch_ID="" BlankPatch="False" Measured="False"/><patchSpec index="46" colorSpace="rgb" deviceValues="139.0909 139.0909 139.0909" Patch_ID="" BlankPatch="False" Measured="False"/><patchSpec index="47" colorSpace="rgb" deviceValues="136.5152 136.5152 136.5152" Patch_ID="" BlankPatch="False" Measured="False"/><patchSpec index="48" colorSpace="rgb" deviceValues="133.9394 133.9394 133.9394" Patch_ID="" BlankPatch="False" Measured="False"/><patchSpec index="49" colorSpace="rgb" deviceValues="131.3636 131.3636 131.3636" Patch_ID="" BlankPatch="False" Measured="False"/><patchSpec index="50" colorSpace="rgb" deviceValues="128.7879 128.7879 128.7879" Patch_ID="" BlankPatch="False" Measured="False"/><patchSpec index="51" colorSpace="rgb" deviceValues="126.2121 126.2121 126.2121" Patch_ID="" BlankPatch="False" Measured="False"/><patchSpec index="52" colorSpace="rgb" deviceValues="123.6364 123.6364 123.6364" Patch_ID="" BlankPatch="False" Measured="False"/><patchSpec index="53" colorSpace="rgb" deviceValues="121.0606 121.0606 121.0606" Patch_ID="" BlankPatch="False" Measured="False"/><patchSpec index="54" colorSpace="rgb" deviceValues="118.4848 118.4848 118.4848" Patch_ID="" BlankPatch="False" Measured="False"/><patchSpec index="55" colorSpace="rgb" deviceValues="115.9091 115.9091 115.9091" Patch_ID="" BlankPatch="False" Measured="False"/><patchSpec index="56" colorSpace="rgb" deviceValues="113.3333 113.3333 113.3333" Patch_ID="" BlankPatch="False" Measured="False"/><patchSpec index="57" colorSpace="rgb" deviceValues="110.7576 110.7576 110.7576" Patch_ID="" BlankPatch="False" Measured="False"/><patchSpec index="58" colorSpace="rgb" deviceValues="108.1818 108.1818 108.1818" Patch_ID="" BlankPatch="False" Measured="False"/><patchSpec index="59" colorSpace="rgb" deviceValues="105.6061 105.6061 105.6061" Patch_ID="" BlankPatch="False" Measured="False"/><patchSpec index="60" colorSpace="rgb" deviceValues="103.0303 103.0303 103.0303" Patch_ID="" BlankPatch="False" Measured="False"/><patchSpec index="61" colorSpace="rgb" deviceValues="100.4545 100.4545 100.4545" Patch_ID="" BlankPatch="False" Measured="False"/><patchSpec index="62" colorSpace="rgb" deviceValues="97.87879 97.87879 97.87879" Patch_ID="" BlankPatch="False" Measured="False"/><patchSpec index="63" colorSpace="rgb" deviceValues="95.30303 95.30303 95.30303" Patch_ID="" BlankPatch="False" Measured="False"/><patchSpec index="64" colorSpace="rgb" deviceValues="92.72727 92.72727 92.72727" Patch_ID="" BlankPatch="False" Measured="False"/><patchSpec index="65" colorSpace="rgb" deviceValues="90.15152 90.15152 90.15152" Patch_ID="" BlankPatch="False" Measured="False"/><patchSpec index="66" colorSpace="rgb" deviceValues="87.57576 87.57576 87.57576" Patch_ID="" BlankPatch="False" Measured="False"/><patchSpec index="67" colorSpace="rgb" deviceValues="85 85 85" Patch_ID="" BlankPatch="False" Measured="False"/><patchSpec index="68" colorSpace="rgb" deviceValues="82.42424 82.42424 82.42424" Patch_ID="" BlankPatch="False" Measured="False"/><patchSpec index="69" colorSpace="rgb" deviceValues="79.84848 79.84848 79.84848" Patch_ID="" BlankPatch="False" Measured="False"/><patchSpec index="70" colorSpace="rgb" deviceValues="77.27273 77.27273 77.27273" Patch_ID="" BlankPatch="False" Measured="False"/><patchSpec index="71" colorSpace="rgb" deviceValues="74.69697 74.69697 74.69697" Patch_ID="" BlankPatch="False" Measured="False"/><patchSpec index="72" colorSpace="rgb" deviceValues="72.12121 72.12121 72.12121" Patch_ID="" BlankPatch="False" Measured="False"/><patchSpec index="73" colorSpace="rgb" deviceValues="69.54545 69.54545 69.54545" Patch_ID="" BlankPatch="False" Measured="False"/><patchSpec index="74" colorSpace="rgb" deviceValues="66.9697 66.9697 66.9697" Patch_ID="" BlankPatch="False" Measured="False"/><patchSpec index="75" colorSpace="rgb" deviceValues="64.39394 64.39394 64.39394" Patch_ID="" BlankPatch="False" Measured="False"/><patchSpec index="76" colorSpace="rgb" deviceValues="61.81818 61.81818 61.81818" Patch_ID="" BlankPatch="False" Measured="False"/><patchSpec index="77" colorSpace="rgb" deviceValues="59.24242 59.24242 59.24242" Patch_ID="" BlankPatch="False" Measured="False"/><patchSpec index="78" colorSpace="rgb" deviceValues="56.66667 56.66667 56.66667" Patch_ID="" BlankPatch="False" Measured="False"/><patchSpec index="79" colorSpace="rgb" deviceValues="54.09091 54.09091 54.09091" Patch_ID="" BlankPatch="False" Measured="False"/><patchSpec index="80" colorSpace="rgb" deviceValues="51.51515 51.51515 51.51515" Patch_ID="" BlankPatch="False" Measured="False"/><patchSpec index="81" colorSpace="rgb" deviceValues="48.93939 48.93939 48.93939" Patch_ID="" BlankPatch="False" Measured="False"/><patchSpec index="82" colorSpace="rgb" deviceValues="46.36364 46.36364 46.36364" Patch_ID="" BlankPatch="False" Measured="False"/><patchSpec index="83" colorSpace="rgb" deviceValues="43.78788 43.78788 43.78788" Patch_ID="" BlankPatch="False" Measured="False"/><patchSpec index="84" colorSpace="rgb" deviceValues="41.21212 41.21212 41.21212" Patch_ID="" BlankPatch="False" Measured="False"/><patchSpec index="85" colorSpace="rgb" deviceValues="38.63636 38.63636 38.63636" Patch_ID="" BlankPatch="False" Measured="False"/><patchSpec index="86" colorSpace="rgb" deviceValues="36.06061 36.06061 36.06061" Patch_ID="" BlankPatch="False" Measured="False"/><patchSpec index="87" colorSpace="rgb" deviceValues="33.48485 33.48485 33.48485" Patch_ID="" BlankPatch="False" Measured="False"/><patchSpec index="88" colorSpace="rgb" deviceValues="30.90909 30.90909 30.90909" Patch_ID="" BlankPatch="False" Measured="False"/><patchSpec index="89" colorSpace="rgb" deviceValues="28.33333 28.33333 28.33333" Patch_ID="" BlankPatch="False" Measured="False"/><patchSpec index="90" colorSpace="rgb" deviceValues="25.75758 25.75758 25.75758" Patch_ID="" BlankPatch="False" Measured="False"/><patchSpec index="91" colorSpace="rgb" deviceValues="23.18182 23.18182 23.18182" Patch_ID="" BlankPatch="False" Measured="False"/><patchSpec index="92" colorSpace="rgb" deviceValues="20.60606 20.60606 20.60606" Patch_ID="" BlankPatch="False" Measured="False"/><patchSpec index="93" colorSpace="rgb" deviceValues="18.0303 18.0303 18.0303" Patch_ID="" BlankPatch="False" Measured="False"/><patchSpec index="94" colorSpace="rgb" deviceValues="15.45455 15.45455 15.45455" Patch_ID="" BlankPatch="False" Measured="False"/><patchSpec index="95" colorSpace="rgb" deviceValues="12.87879 12.87879 12.87879" Patch_ID="" BlankPatch="False" Measured="False"/><patchSpec index="96" colorSpace="rgb" deviceValues="10.30303 10.30303 10.30303" Patch_ID="" BlankPatch="False" Measured="False"/><patchSpec index="97" colorSpace="rgb" deviceValues="7.727273 7.727273 7.727273" Patch_ID="" BlankPatch="False" Measured="False"/><patchSpec index="98" colorSpace="rgb" deviceValues="5.151515 5.151515 5.151515" Patch_ID="" BlankPatch="False" Measured="False"/><patchSpec index="99" colorSpace="rgb" deviceValues="2.575758 2.575758 2.575758" Patch_ID="" BlankPatch="False" Measured="False"/><patchSpec index="100" colorSpace="rgb" deviceValues="0 0 0" Patch_ID="" BlankPatch="False" Measured="False"/><patchSpec index="101" colorSpace="rgb" deviceValues="255 255 255" Patch_ID="" BlankPatch="False" Measured="False"/><patchSpec index="102" colorSpace="rgb" deviceValues="252.4242 252.4242 252.4242" Patch_ID="" BlankPatch="False" Measured="False"/><patchSpec index="103" colorSpace="rgb" deviceValues="249.8485 249.8485 249.8485" Patch_ID="" BlankPatch="False" Measured="False"/><patchSpec index="104" colorSpace="rgb" deviceValues="247.2727 247.2727 247.2727" Patch_ID="" BlankPatch="False" Measured="False"/><patchSpec index="105" colorSpace="rgb" deviceValues="244.697 244.697 244.697" Patch_ID="" BlankPatch="False" Measured="False"/><patchSpec index="106" colorSpace="rgb" deviceValues="242.1212 242.1212 242.1212" Patch_ID="" BlankPatch="False" Measured="False"/><patchSpec index="107" colorSpace="rgb" deviceValues="239.5455 239.5455 239.5455" Patch_ID="" BlankPatch="False" Measured="False"/><patchSpec index="108" colorSpace="rgb" deviceValues="236.9697 236.9697 236.9697" Patch_ID="" BlankPatch="False" Measured="False"/><patchSpec index="109" colorSpace="rgb" deviceValues="234.3939 234.3939 234.3939" Patch_ID="" BlankPatch="False" Measured="False"/><patchSpec index="110" colorSpace="rgb" deviceValues="231.8182 231.8182 231.8182" Patch_ID="" BlankPatch="False" Measured="False"/><patchSpec index="111" colorSpace="rgb" deviceValues="229.2424 229.2424 229.2424" Patch_ID="" BlankPatch="False" Measured="False"/><patchSpec index="112" colorSpace="rgb" deviceValues="226.6667 226.6667 226.6667" Patch_ID="" BlankPatch="False" Measured="False"/><patchSpec index="113" colorSpace="rgb" deviceValues="224.0909 224.0909 224.0909" Patch_ID="" BlankPatch="False" Measured="False"/><patchSpec index="114" colorSpace="rgb" deviceValues="221.5152 221.5152 221.5152" Patch_ID="" BlankPatch="False" Measured="False"/><patchSpec index="115" colorSpace="rgb" deviceValues="218.9394 218.9394 218.9394" Patch_ID="" BlankPatch="False" Measured="False"/><patchSpec index="116" colorSpace="rgb" deviceValues="216.3636 216.3636 216.3636" Patch_ID="" BlankPatch="False" Measured="False"/><patchSpec index="117" colorSpace="rgb" deviceValues="213.7879 213.7879 213.7879" Patch_ID="" BlankPatch="False" Measured="False"/><patchSpec index="118" colorSpace="rgb" deviceValues="211.2121 211.2121 211.2121" Patch_ID="" BlankPatch="False" Measured="False"/><patchSpec index="119" colorSpace="rgb" deviceValues="208.6364 208.6364 208.6364" Patch_ID="" BlankPatch="False" Measured="False"/><patchSpec index="120" colorSpace="rgb" deviceValues="206.0606 206.0606 206.0606" Patch_ID="" BlankPatch="False" Measured="False"/><patchSpec index="121" colorSpace="rgb" deviceValues="203.4848 203.4848 203.4848" Patch_ID="" BlankPatch="False" Measured="False"/><patchSpec index="122" colorSpace="rgb" deviceValues="200.9091 200.9091 200.9091" Patch_ID="" BlankPatch="False" Measured="False"/><patchSpec index="123" colorSpace="rgb" deviceValues="198.3333 198.3333 198.3333" Patch_ID="" BlankPatch="False" Measured="False"/><patchSpec index="124" colorSpace="rgb" deviceValues="195.7576 195.7576 195.7576" Patch_ID="" BlankPatch="False" Measured="False"/><patchSpec index="125" colorSpace="rgb" deviceValues="193.1818 193.1818 193.1818" Patch_ID="" BlankPatch="False" Measured="False"/><patchSpec index="126" colorSpace="rgb" deviceValues="190.6061 190.6061 190.6061" Patch_ID="" BlankPatch="False" Measured="False"/><patchSpec index="127" colorSpace="rgb" deviceValues="188.0303 188.0303 188.0303" Patch_ID="" BlankPatch="False" Measured="False"/><patchSpec index="128" colorSpace="rgb" deviceValues="185.4545 185.4545 185.4545" Patch_ID="" BlankPatch="False" Measured="False"/><patchSpec index="129" colorSpace="rgb" deviceValues="182.8788 182.8788 182.8788" Patch_ID="" BlankPatch="False" Measured="False"/><patchSpec index="130" colorSpace="rgb" deviceValues="180.303 180.303 180.303" Patch_ID="" BlankPatch="False" Measured="False"/><patchSpec index="131" colorSpace="rgb" deviceValues="177.7273 177.7273 177.7273" Patch_ID="" BlankPatch="False" Measured="False"/><patchSpec index="132" colorSpace="rgb" deviceValues="175.1515 175.1515 175.1515" Patch_ID="" BlankPatch="False" Measured="False"/><patchSpec index="133" colorSpace="rgb" deviceValues="172.5758 172.5758 172.5758" Patch_ID="" BlankPatch="False" Measured="False"/><patchSpec index="134" colorSpace="rgb" deviceValues="170 170 170" Patch_ID="" BlankPatch="False" Measured="False"/><patchSpec index="135" colorSpace="rgb" deviceValues="167.4242 167.4242 167.4242" Patch_ID="" BlankPatch="False" Measured="False"/><patchSpec index="136" colorSpace="rgb" deviceValues="164.8485 164.8485 164.8485" Patch_ID="" BlankPatch="False" Measured="False"/><patchSpec index="137" colorSpace="rgb" deviceValues="162.2727 162.2727 162.2727" Patch_ID="" BlankPatch="False" Measured="False"/><patchSpec index="138" colorSpace="rgb" deviceValues="159.697 159.697 159.697" Patch_ID="" BlankPatch="False" Measured="False"/><patchSpec index="139" colorSpace="rgb" deviceValues="157.1212 157.1212 157.1212" Patch_ID="" BlankPatch="False" Measured="False"/><patchSpec index="140" colorSpace="rgb" deviceValues="154.5455 154.5455 154.5455" Patch_ID="" BlankPatch="False" Measured="False"/><patchSpec index="141" colorSpace="rgb" deviceValues="151.9697 151.9697 151.9697" Patch_ID="" BlankPatch="False" Measured="False"/><patchSpec index="142" colorSpace="rgb" deviceValues="149.3939 149.3939 149.3939" Patch_ID="" BlankPatch="False" Measured="False"/><patchSpec index="143" colorSpace="rgb" deviceValues="146.8182 146.8182 146.8182" Patch_ID="" BlankPatch="False" Measured="False"/><patchSpec index="144" colorSpace="rgb" deviceValues="144.2424 144.2424 144.2424" Patch_ID="" BlankPatch="False" Measured="False"/><patchSpec index="145" colorSpace="rgb" deviceValues="141.6667 141.6667 141.6667" Patch_ID="" BlankPatch="False" Measured="False"/><patchSpec index="146" colorSpace="rgb" deviceValues="139.0909 139.0909 139.0909" Patch_ID="" BlankPatch="False" Measured="False"/><patchSpec index="147" colorSpace="rgb" deviceValues="136.5152 136.5152 136.5152" Patch_ID="" BlankPatch="False" Measured="False"/><patchSpec index="148" colorSpace="rgb" deviceValues="133.9394 133.9394 133.9394" Patch_ID="" BlankPatch="False" Measured="False"/><patchSpec index="149" colorSpace="rgb" deviceValues="131.3636 131.3636 131.3636" Patch_ID="" BlankPatch="False" Measured="False"/><patchSpec index="150" colorSpace="rgb" deviceValues="128.7879 128.7879 128.7879" Patch_ID="" BlankPatch="False" Measured="False"/><patchSpec index="151" colorSpace="rgb" deviceValues="126.2121 126.2121 126.2121" Patch_ID="" BlankPatch="False" Measured="False"/><patchSpec index="152" colorSpace="rgb" deviceValues="123.6364 123.6364 123.6364" Patch_ID="" BlankPatch="False" Measured="False"/><patchSpec index="153" colorSpace="rgb" deviceValues="121.0606 121.0606 121.0606" Patch_ID="" BlankPatch="False" Measured="False"/><patchSpec index="154" colorSpace="rgb" deviceValues="118.4848 118.4848 118.4848" Patch_ID="" BlankPatch="False" Measured="False"/><patchSpec index="155" colorSpace="rgb" deviceValues="115.9091 115.9091 115.9091" Patch_ID="" BlankPatch="False" Measured="False"/><patchSpec index="156" colorSpace="rgb" deviceValues="113.3333 113.3333 113.3333" Patch_ID="" BlankPatch="False" Measured="False"/><patchSpec index="157" colorSpace="rgb" deviceValues="110.7576 110.7576 110.7576" Patch_ID="" BlankPatch="False" Measured="False"/><patchSpec index="158" colorSpace="rgb" deviceValues="108.1818 108.1818 108.1818" Patch_ID="" BlankPatch="False" Measured="False"/><patchSpec index="159" colorSpace="rgb" deviceValues="105.6061 105.6061 105.6061" Patch_ID="" BlankPatch="False" Measured="False"/><patchSpec index="160" colorSpace="rgb" deviceValues="103.0303 103.0303 103.0303" Patch_ID="" BlankPatch="False" Measured="False"/><patchSpec index="161" colorSpace="rgb" deviceValues="100.4545 100.4545 100.4545" Patch_ID="" BlankPatch="False" Measured="False"/><patchSpec index="162" colorSpace="rgb" deviceValues="97.87879 97.87879 97.87879" Patch_ID="" BlankPatch="False" Measured="False"/><patchSpec index="163" colorSpace="rgb" deviceValues="95.30303 95.30303 95.30303" Patch_ID="" BlankPatch="False" Measured="False"/><patchSpec index="164" colorSpace="rgb" deviceValues="92.72727 92.72727 92.72727" Patch_ID="" BlankPatch="False" Measured="False"/><patchSpec index="165" colorSpace="rgb" deviceValues="90.15152 90.15152 90.15152" Patch_ID="" BlankPatch="False" Measured="False"/><patchSpec index="166" colorSpace="rgb" deviceValues="87.57576 87.57576 87.57576" Patch_ID="" BlankPatch="False" Measured="False"/><patchSpec index="167" colorSpace="rgb" deviceValues="85 85 85" Patch_ID="" BlankPatch="False" Measured="False"/><patchSpec index="168" colorSpace="rgb" deviceValues="82.42424 82.42424 82.42424" Patch_ID="" BlankPatch="False" Measured="False"/><patchSpec index="169" colorSpace="rgb" deviceValues="79.84848 79.84848 79.84848" Patch_ID="" BlankPatch="False" Measured="False"/><patchSpec index="170" colorSpace="rgb" deviceValues="77.27273 77.27273 77.27273" Patch_ID="" BlankPatch="False" Measured="False"/><patchSpec index="171" colorSpace="rgb" deviceValues="74.69697 74.69697 74.69697" Patch_ID="" BlankPatch="False" Measured="False"/><patchSpec index="172" colorSpace="rgb" deviceValues="72.12121 72.12121 72.12121" Patch_ID="" BlankPatch="False" Measured="False"/><patchSpec index="173" colorSpace="rgb" deviceValues="69.54545 69.54545 69.54545" Patch_ID="" BlankPatch="False" Measured="False"/><patchSpec index="174" colorSpace="rgb" deviceValues="66.9697 66.9697 66.9697" Patch_ID="" BlankPatch="False" Measured="False"/><patchSpec index="175" colorSpace="rgb" deviceValues="64.39394 64.39394 64.39394" Patch_ID="" BlankPatch="False" Measured="False"/><patchSpec index="176" colorSpace="rgb" deviceValues="61.81818 61.81818 61.81818" Patch_ID="" BlankPatch="False" Measured="False"/><patchSpec index="177" colorSpace="rgb" deviceValues="59.24242 59.24242 59.24242" Patch_ID="" BlankPatch="False" Measured="False"/><patchSpec index="178" colorSpace="rgb" deviceValues="56.66667 56.66667 56.66667" Patch_ID="" BlankPatch="False" Measured="False"/><patchSpec index="179" colorSpace="rgb" deviceValues="54.09091 54.09091 54.09091" Patch_ID="" BlankPatch="False" Measured="False"/><patchSpec index="180" colorSpace="rgb" deviceValues="51.51515 51.51515 51.51515" Patch_ID="" BlankPatch="False" Measured="False"/><patchSpec index="181" colorSpace="rgb" deviceValues="48.93939 48.93939 48.93939" Patch_ID="" BlankPatch="False" Measured="False"/><patchSpec index="182" colorSpace="rgb" deviceValues="46.36364 46.36364 46.36364" Patch_ID="" BlankPatch="False" Measured="False"/><patchSpec index="183" colorSpace="rgb" deviceValues="43.78788 43.78788 43.78788" Patch_ID="" BlankPatch="False" Measured="False"/><patchSpec index="184" colorSpace="rgb" deviceValues="41.21212 41.21212 41.21212" Patch_ID="" BlankPatch="False" Measured="False"/><patchSpec index="185" colorSpace="rgb" deviceValues="38.63636 38.63636 38.63636" Patch_ID="" BlankPatch="False" Measured="False"/><patchSpec index="186" colorSpace="rgb" deviceValues="36.06061 36.06061 36.06061" Patch_ID="" BlankPatch="False" Measured="False"/><patchSpec index="187" colorSpace="rgb" deviceValues="33.48485 33.48485 33.48485" Patch_ID="" BlankPatch="False" Measured="False"/><patchSpec index="188" colorSpace="rgb" deviceValues="30.90909 30.90909 30.90909" Patch_ID="" BlankPatch="False" Measured="False"/><patchSpec index="189" colorSpace="rgb" deviceValues="28.33333 28.33333 28.33333" Patch_ID="" BlankPatch="False" Measured="False"/><patchSpec index="190" colorSpace="rgb" deviceValues="25.75758 25.75758 25.75758" Patch_ID="" BlankPatch="False" Measured="False"/><patchSpec index="191" colorSpace="rgb" deviceValues="23.18182 23.18182 23.18182" Patch_ID="" BlankPatch="False" Measured="False"/><patchSpec index="192" colorSpace="rgb" deviceValues="20.60606 20.60606 20.60606" Patch_ID="" BlankPatch="False" Measured="False"/><patchSpec index="193" colorSpace="rgb" deviceValues="18.0303 18.0303 18.0303" Patch_ID="" BlankPatch="False" Measured="False"/><patchSpec index="194" colorSpace="rgb" deviceValues="15.45455 15.45455 15.45455" Patch_ID="" BlankPatch="False" Measured="False"/><patchSpec index="195" colorSpace="rgb" deviceValues="12.87879 12.87879 12.87879" Patch_ID="" BlankPatch="False" Measured="False"/><patchSpec index="196" colorSpace="rgb" deviceValues="10.30303 10.30303 10.30303" Patch_ID="" BlankPatch="False" Measured="False"/><patchSpec index="197" colorSpace="rgb" deviceValues="7.727273 7.727273 7.727273" Patch_ID="" BlankPatch="False" Measured="False"/><patchSpec index="198" colorSpace="rgb" deviceValues="5.151515 5.151515 5.151515" Patch_ID="" BlankPatch="False" Measured="False"/><patchSpec index="199" colorSpace="rgb" deviceValues="2.575758 2.575758 2.575758" Patch_ID="" BlankPatch="False" Measured="False"/><patchSpec index="200" colorSpace="rgb" deviceValues="0 0 0" Patch_ID="" BlankPatch="False" Measured="False"/><patchSpec index="201" colorSpace="rgb" deviceValues="255 255 255" Patch_ID="" BlankPatch="False" Measured="False"/><patchSpec index="202" colorSpace="rgb" deviceValues="252.4242 252.4242 252.4242" Patch_ID="" BlankPatch="False" Measured="False"/><patchSpec index="203" colorSpace="rgb" deviceValues="249.8485 249.8485 249.8485" Patch_ID="" BlankPatch="False" Measured="False"/><patchSpec index="204" colorSpace="rgb" deviceValues="247.2727 247.2727 247.2727" Patch_ID="" BlankPatch="False" Measured="False"/><patchSpec index="205" colorSpace="rgb" deviceValues="244.697 244.697 244.697" Patch_ID="" BlankPatch="False" Measured="False"/><patchSpec index="206" colorSpace="rgb" deviceValues="242.1212 242.1212 242.1212" Patch_ID="" BlankPatch="False" Measured="False"/><patchSpec index="207" colorSpace="rgb" deviceValues="239.5455 239.5455 239.5455" Patch_ID="" BlankPatch="False" Measured="False"/><patchSpec index="208" colorSpace="rgb" deviceValues="236.9697 236.9697 236.9697" Patch_ID="" BlankPatch="False" Measured="False"/><patchSpec index="209" colorSpace="rgb" deviceValues="234.3939 234.3939 234.3939" Patch_ID="" BlankPatch="False" Measured="False"/><patchSpec index="210" colorSpace="rgb" deviceValues="231.8182 231.8182 231.8182" Patch_ID="" BlankPatch="False" Measured="False"/><patchSpec index="211" colorSpace="rgb" deviceValues="229.2424 229.2424 229.2424" Patch_ID="" BlankPatch="False" Measured="False"/><patchSpec index="212" colorSpace="rgb" deviceValues="226.6667 226.6667 226.6667" Patch_ID="" BlankPatch="False" Measured="False"/><patchSpec index="213" colorSpace="rgb" deviceValues="224.0909 224.0909 224.0909" Patch_ID="" BlankPatch="False" Measured="False"/><patchSpec index="214" colorSpace="rgb" deviceValues="221.5152 221.5152 221.5152" Patch_ID="" BlankPatch="False" Measured="False"/><patchSpec index="215" colorSpace="rgb" deviceValues="218.9394 218.9394 218.9394" Patch_ID="" BlankPatch="False" Measured="False"/><patchSpec index="216" colorSpace="rgb" deviceValues="216.3636 216.3636 216.3636" Patch_ID="" BlankPatch="False" Measured="False"/><patchSpec index="217" colorSpace="rgb" deviceValues="213.7879 213.7879 213.7879" Patch_ID="" BlankPatch="False" Measured="False"/><patchSpec index="218" colorSpace="rgb" deviceValues="211.2121 211.2121 211.2121" Patch_ID="" BlankPatch="False" Measured="False"/><patchSpec index="219" colorSpace="rgb" deviceValues="208.6364 208.6364 208.6364" Patch_ID="" BlankPatch="False" Measured="False"/><patchSpec index="220" colorSpace="rgb" deviceValues="206.0606 206.0606 206.0606" Patch_ID="" BlankPatch="False" Measured="False"/><patchSpec index="221" colorSpace="rgb" deviceValues="203.4848 203.4848 203.4848" Patch_ID="" BlankPatch="False" Measured="False"/><patchSpec index="222" colorSpace="rgb" deviceValues="200.9091 200.9091 200.9091" Patch_ID="" BlankPatch="False" Measured="False"/><patchSpec index="223" colorSpace="rgb" deviceValues="198.3333 198.3333 198.3333" Patch_ID="" BlankPatch="False" Measured="False"/><patchSpec index="224" colorSpace="rgb" deviceValues="195.7576 195.7576 195.7576" Patch_ID="" BlankPatch="False" Measured="False"/><patchSpec index="225" colorSpace="rgb" deviceValues="193.1818 193.1818 193.1818" Patch_ID="" BlankPatch="False" Measured="False"/><patchSpec index="226" colorSpace="rgb" deviceValues="190.6061 190.6061 190.6061" Patch_ID="" BlankPatch="False" Measured="False"/><patchSpec index="227" colorSpace="rgb" deviceValues="188.0303 188.0303 188.0303" Patch_ID="" BlankPatch="False" Measured="False"/><patchSpec index="228" colorSpace="rgb" deviceValues="185.4545 185.4545 185.4545" Patch_ID="" BlankPatch="False" Measured="False"/><patchSpec index="229" colorSpace="rgb" deviceValues="182.8788 182.8788 182.8788" Patch_ID="" BlankPatch="False" Measured="False"/><patchSpec index="230" colorSpace="rgb" deviceValues="180.303 180.303 180.303" Patch_ID="" BlankPatch="False" Measured="False"/><patchSpec index="231" colorSpace="rgb" deviceValues="177.7273 177.7273 177.7273" Patch_ID="" BlankPatch="False" Measured="False"/><patchSpec index="232" colorSpace="rgb" deviceValues="175.1515 175.1515 175.1515" Patch_ID="" BlankPatch="False" Measured="False"/><patchSpec index="233" colorSpace="rgb" deviceValues="172.5758 172.5758 172.5758" Patch_ID="" BlankPatch="False" Measured="False"/><patchSpec index="234" colorSpace="rgb" deviceValues="170 170 170" Patch_ID="" BlankPatch="False" Measured="False"/><patchSpec index="235" colorSpace="rgb" deviceValues="167.4242 167.4242 167.4242" Patch_ID="" BlankPatch="False" Measured="False"/><patchSpec index="236" colorSpace="rgb" deviceValues="164.8485 164.8485 164.8485" Patch_ID="" BlankPatch="False" Measured="False"/><patchSpec index="237" colorSpace="rgb" deviceValues="162.2727 162.2727 162.2727" Patch_ID="" BlankPatch="False" Measured="False"/><patchSpec index="238" colorSpace="rgb" deviceValues="159.697 159.697 159.697" Patch_ID="" BlankPatch="False" Measured="False"/><patchSpec index="239" colorSpace="rgb" deviceValues="157.1212 157.1212 157.1212" Patch_ID="" BlankPatch="False" Measured="False"/><patchSpec index="240" colorSpace="rgb" deviceValues="154.5455 154.5455 154.5455" Patch_ID="" BlankPatch="False" Measured="False"/><patchSpec index="241" colorSpace="rgb" deviceValues="151.9697 151.9697 151.9697" Patch_ID="" BlankPatch="False" Measured="False"/><patchSpec index="242" colorSpace="rgb" deviceValues="149.3939 149.3939 149.3939" Patch_ID="" BlankPatch="False" Measured="False"/><patchSpec index="243" colorSpace="rgb" deviceValues="146.8182 146.8182 146.8182" Patch_ID="" BlankPatch="False" Measured="False"/><patchSpec index="244" colorSpace="rgb" deviceValues="144.2424 144.2424 144.2424" Patch_ID="" BlankPatch="False" Measured="False"/><patchSpec index="245" colorSpace="rgb" deviceValues="141.6667 141.6667 141.6667" Patch_ID="" BlankPatch="False" Measured="False"/><patchSpec index="246" colorSpace="rgb" deviceValues="139.0909 139.0909 139.0909" Patch_ID="" BlankPatch="False" Measured="False"/><patchSpec index="247" colorSpace="rgb" deviceValues="136.5152 136.5152 136.5152" Patch_ID="" BlankPatch="False" Measured="False"/><patchSpec index="248" colorSpace="rgb" deviceValues="133.9394 133.9394 133.9394" Patch_ID="" BlankPatch="False" Measured="False"/><patchSpec index="249" colorSpace="rgb" deviceValues="131.3636 131.3636 131.3636" Patch_ID="" BlankPatch="False" Measured="False"/><patchSpec index="250" colorSpace="rgb" deviceValues="128.7879 128.7879 128.7879" Patch_ID="" BlankPatch="False" Measured="False"/><patchSpec index="251" colorSpace="rgb" deviceValues="126.2121 126.2121 126.2121" Patch_ID="" BlankPatch="False" Measured="False"/><patchSpec index="252" colorSpace="rgb" deviceValues="123.6364 123.6364 123.6364" Patch_ID="" BlankPatch="False" Measured="False"/><patchSpec index="253" colorSpace="rgb" deviceValues="121.0606 121.0606 121.0606" Patch_ID="" BlankPatch="False" Measured="False"/><patchSpec index="254" colorSpace="rgb" deviceValues="118.4848 118.4848 118.4848" Patch_ID="" BlankPatch="False" Measured="False"/><patchSpec index="255" colorSpace="rgb" deviceValues="115.9091 115.9091 115.9091" Patch_ID="" BlankPatch="False" Measured="False"/><patchSpec index="256" colorSpace="rgb" deviceValues="113.3333 113.3333 113.3333" Patch_ID="" BlankPatch="False" Measured="False"/><patchSpec index="257" colorSpace="rgb" deviceValues="110.7576 110.7576 110.7576" Patch_ID="" BlankPatch="False" Measured="False"/><patchSpec index="258" colorSpace="rgb" deviceValues="108.1818 108.1818 108.1818" Patch_ID="" BlankPatch="False" Measured="False"/><patchSpec index="259" colorSpace="rgb" deviceValues="105.6061 105.6061 105.6061" Patch_ID="" BlankPatch="False" Measured="False"/><patchSpec index="260" colorSpace="rgb" deviceValues="103.0303 103.0303 103.0303" Patch_ID="" BlankPatch="False" Measured="False"/><patchSpec index="261" colorSpace="rgb" deviceValues="100.4545 100.4545 100.4545" Patch_ID="" BlankPatch="False" Measured="False"/><patchSpec index="262" colorSpace="rgb" deviceValues="97.87879 97.87879 97.87879" Patch_ID="" BlankPatch="False" Measured="False"/><patchSpec index="263" colorSpace="rgb" deviceValues="95.30303 95.30303 95.30303" Patch_ID="" BlankPatch="False" Measured="False"/><patchSpec index="264" colorSpace="rgb" deviceValues="92.72727 92.72727 92.72727" Patch_ID="" BlankPatch="False" Measured="False"/><patchSpec index="265" colorSpace="rgb" deviceValues="90.15152 90.15152 90.15152" Patch_ID="" BlankPatch="False" Measured="False"/><patchSpec index="266" colorSpace="rgb" deviceValues="87.57576 87.57576 87.57576" Patch_ID="" BlankPatch="False" Measured="False"/><patchSpec index="267" colorSpace="rgb" deviceValues="85 85 85" Patch_ID="" BlankPatch="False" Measured="False"/><patchSpec index="268" colorSpace="rgb" deviceValues="82.42424 82.42424 82.42424" Patch_ID="" BlankPatch="False" Measured="False"/><patchSpec index="269" colorSpace="rgb" deviceValues="79.84848 79.84848 79.84848" Patch_ID="" BlankPatch="False" Measured="False"/><patchSpec index="270" colorSpace="rgb" deviceValues="77.27273 77.27273 77.27273" Patch_ID="" BlankPatch="False" Measured="False"/><patchSpec index="271" colorSpace="rgb" deviceValues="74.69697 74.69697 74.69697" Patch_ID="" BlankPatch="False" Measured="False"/><patchSpec index="272" colorSpace="rgb" deviceValues="72.12121 72.12121 72.12121" Patch_ID="" BlankPatch="False" Measured="False"/><patchSpec index="273" colorSpace="rgb" deviceValues="69.54545 69.54545 69.54545" Patch_ID="" BlankPatch="False" Measured="False"/><patchSpec index="274" colorSpace="rgb" deviceValues="66.9697 66.9697 66.9697" Patch_ID="" BlankPatch="False" Measured="False"/><patchSpec index="275" colorSpace="rgb" deviceValues="64.39394 64.39394 64.39394" Patch_ID="" BlankPatch="False" Measured="False"/><patchSpec index="276" colorSpace="rgb" deviceValues="61.81818 61.81818 61.81818" Patch_ID="" BlankPatch="False" Measured="False"/><patchSpec index="277" colorSpace="rgb" deviceValues="59.24242 59.24242 59.24242" Patch_ID="" BlankPatch="False" Measured="False"/><patchSpec index="278" colorSpace="rgb" deviceValues="56.66667 56.66667 56.66667" Patch_ID="" BlankPatch="False" Measured="False"/><patchSpec index="279" colorSpace="rgb" deviceValues="54.09091 54.09091 54.09091" Patch_ID="" BlankPatch="False" Measured="False"/><patchSpec index="280" colorSpace="rgb" deviceValues="51.51515 51.51515 51.51515" Patch_ID="" BlankPatch="False" Measured="False"/><patchSpec index="281" colorSpace="rgb" deviceValues="48.93939 48.93939 48.93939" Patch_ID="" BlankPatch="False" Measured="False"/><patchSpec index="282" colorSpace="rgb" deviceValues="46.36364 46.36364 46.36364" Patch_ID="" BlankPatch="False" Measured="False"/><patchSpec index="283" colorSpace="rgb" deviceValues="43.78788 43.78788 43.78788" Patch_ID="" BlankPatch="False" Measured="False"/><patchSpec index="284" colorSpace="rgb" deviceValues="41.21212 41.21212 41.21212" Patch_ID="" BlankPatch="False" Measured="False"/><patchSpec index="285" colorSpace="rgb" deviceValues="38.63636 38.63636 38.63636" Patch_ID="" BlankPatch="False" Measured="False"/><patchSpec index="286" colorSpace="rgb" deviceValues="36.06061 36.06061 36.06061" Patch_ID="" BlankPatch="False" Measured="False"/><patchSpec index="287" colorSpace="rgb" deviceValues="33.48485 33.48485 33.48485" Patch_ID="" BlankPatch="False" Measured="False"/><patchSpec index="288" colorSpace="rgb" deviceValues="30.90909 30.90909 30.90909" Patch_ID="" BlankPatch="False" Measured="False"/><patchSpec index="289" colorSpace="rgb" deviceValues="28.33333 28.33333 28.33333" Patch_ID="" BlankPatch="False" Measured="False"/><patchSpec index="290" colorSpace="rgb" deviceValues="25.75758 25.75758 25.75758" Patch_ID="" BlankPatch="False" Measured="False"/><patchSpec index="291" colorSpace="rgb" deviceValues="23.18182 23.18182 23.18182" Patch_ID="" BlankPatch="False" Measured="False"/><patchSpec index="292" colorSpace="rgb" deviceValues="20.60606 20.60606 20.60606" Patch_ID="" BlankPatch="False" Measured="False"/><patchSpec index="293" colorSpace="rgb" deviceValues="18.0303 18.0303 18.0303" Patch_ID="" BlankPatch="False" Measured="False"/><patchSpec index="294" colorSpace="rgb" deviceValues="15.45455 15.45455 15.45455" Patch_ID="" BlankPatch="False" Measured="False"/><patchSpec index="295" colorSpace="rgb" deviceValues="12.87879 12.87879 12.87879" Patch_ID="" BlankPatch="False" Measured="False"/><patchSpec index="296" colorSpace="rgb" deviceValues="10.30303 10.30303 10.30303" Patch_ID="" BlankPatch="False" Measured="False"/><patchSpec index="297" colorSpace="rgb" deviceValues="7.727273 7.727273 7.727273" Patch_ID="" BlankPatch="False" Measured="False"/><patchSpec index="298" colorSpace="rgb" deviceValues="5.151515 5.151515 5.151515" Patch_ID="" BlankPatch="False" Measured="False"/><patchSpec index="299" colorSpace="rgb" deviceValues="2.575758 2.575758 2.575758" Patch_ID="" BlankPatch="False" Measured="False"/><patchSpec index="300" colorSpace="rgb" deviceValues="0 0 0" Patch_ID="" BlankPatch="False" Measured="False"/><patchSpec index="301" colorSpace="rgb" deviceValues="255 255 255" Patch_ID="" BlankPatch="False" Measured="False"/><patchSpec index="302" colorSpace="rgb" deviceValues="252.4242 252.4242 252.4242" Patch_ID="" BlankPatch="False" Measured="False"/><patchSpec index="303" colorSpace="rgb" deviceValues="249.8485 249.8485 249.8485" Patch_ID="" BlankPatch="False" Measured="False"/><patchSpec index="304" colorSpace="rgb" deviceValues="247.2727 247.2727 247.2727" Patch_ID="" BlankPatch="False" Measured="False"/><patchSpec index="305" colorSpace="rgb" deviceValues="244.697 244.697 244.697" Patch_ID="" BlankPatch="False" Measured="False"/><patchSpec index="306" colorSpace="rgb" deviceValues="242.1212 242.1212 242.1212" Patch_ID="" BlankPatch="False" Measured="False"/><patchSpec index="307" colorSpace="rgb" deviceValues="239.5455 239.5455 239.5455" Patch_ID="" BlankPatch="False" Measured="False"/><patchSpec index="308" colorSpace="rgb" deviceValues="236.9697 236.9697 236.9697" Patch_ID="" BlankPatch="False" Measured="False"/><patchSpec index="309" colorSpace="rgb" deviceValues="234.3939 234.3939 234.3939" Patch_ID="" BlankPatch="False" Measured="False"/><patchSpec index="310" colorSpace="rgb" deviceValues="231.8182 231.8182 231.8182" Patch_ID="" BlankPatch="False" Measured="False"/><patchSpec index="311" colorSpace="rgb" deviceValues="229.2424 229.2424 229.2424" Patch_ID="" BlankPatch="False" Measured="False"/><patchSpec index="312" colorSpace="rgb" deviceValues="226.6667 226.6667 226.6667" Patch_ID="" BlankPatch="False" Measured="False"/><patchSpec index="313" colorSpace="rgb" deviceValues="224.0909 224.0909 224.0909" Patch_ID="" BlankPatch="False" Measured="False"/><patchSpec index="314" colorSpace="rgb" deviceValues="221.5152 221.5152 221.5152" Patch_ID="" BlankPatch="False" Measured="False"/><patchSpec index="315" colorSpace="rgb" deviceValues="218.9394 218.9394 218.9394" Patch_ID="" BlankPatch="False" Measured="False"/><patchSpec index="316" colorSpace="rgb" deviceValues="216.3636 216.3636 216.3636" Patch_ID="" BlankPatch="False" Measured="False"/><patchSpec index="317" colorSpace="rgb" deviceValues="213.7879 213.7879 213.7879" Patch_ID="" BlankPatch="False" Measured="False"/><patchSpec index="318" colorSpace="rgb" deviceValues="211.2121 211.2121 211.2121" Patch_ID="" BlankPatch="False" Measured="False"/><patchSpec index="319" colorSpace="rgb" deviceValues="208.6364 208.6364 208.6364" Patch_ID="" BlankPatch="False" Measured="False"/><patchSpec index="320" colorSpace="rgb" deviceValues="206.0606 206.0606 206.0606" Patch_ID="" BlankPatch="False" Measured="False"/><patchSpec index="321" colorSpace="rgb" deviceValues="203.4848 203.4848 203.4848" Patch_ID="" BlankPatch="False" Measured="False"/><patchSpec index="322" colorSpace="rgb" deviceValues="200.9091 200.9091 200.9091" Patch_ID="" BlankPatch="False" Measured="False"/><patchSpec index="323" colorSpace="rgb" deviceValues="198.3333 198.3333 198.3333" Patch_ID="" BlankPatch="False" Measured="False"/><patchSpec index="324" colorSpace="rgb" deviceValues="195.7576 195.7576 195.7576" Patch_ID="" BlankPatch="False" Measured="False"/><patchSpec index="325" colorSpace="rgb" deviceValues="193.1818 193.1818 193.1818" Patch_ID="" BlankPatch="False" Measured="False"/><patchSpec index="326" colorSpace="rgb" deviceValues="190.6061 190.6061 190.6061" Patch_ID="" BlankPatch="False" Measured="False"/><patchSpec index="327" colorSpace="rgb" deviceValues="188.0303 188.0303 188.0303" Patch_ID="" BlankPatch="False" Measured="False"/><patchSpec index="328" colorSpace="rgb" deviceValues="185.4545 185.4545 185.4545" Patch_ID="" BlankPatch="False" Measured="False"/><patchSpec index="329" colorSpace="rgb" deviceValues="182.8788 182.8788 182.8788" Patch_ID="" BlankPatch="False" Measured="False"/><patchSpec index="330" colorSpace="rgb" deviceValues="180.303 180.303 180.303" Patch_ID="" BlankPatch="False" Measured="False"/><patchSpec index="331" colorSpace="rgb" deviceValues="177.7273 177.7273 177.7273" Patch_ID="" BlankPatch="False" Measured="False"/><patchSpec index="332" colorSpace="rgb" deviceValues="175.1515 175.1515 175.1515" Patch_ID="" BlankPatch="False" Measured="False"/><patchSpec index="333" colorSpace="rgb" deviceValues="172.5758 172.5758 172.5758" Patch_ID="" BlankPatch="False" Measured="False"/><patchSpec index="334" colorSpace="rgb" deviceValues="170 170 170" Patch_ID="" BlankPatch="False" Measured="False"/><patchSpec index="335" colorSpace="rgb" deviceValues="167.4242 167.4242 167.4242" Patch_ID="" BlankPatch="False" Measured="False"/><patchSpec index="336" colorSpace="rgb" deviceValues="164.8485 164.8485 164.8485" Patch_ID="" BlankPatch="False" Measured="False"/><patchSpec index="337" colorSpace="rgb" deviceValues="162.2727 162.2727 162.2727" Patch_ID="" BlankPatch="False" Measured="False"/><patchSpec index="338" colorSpace="rgb" deviceValues="159.697 159.697 159.697" Patch_ID="" BlankPatch="False" Measured="False"/><patchSpec index="339" colorSpace="rgb" deviceValues="157.1212 157.1212 157.1212" Patch_ID="" BlankPatch="False" Measured="False"/><patchSpec index="340" colorSpace="rgb" deviceValues="154.5455 154.5455 154.5455" Patch_ID="" BlankPatch="False" Measured="False"/><patchSpec index="341" colorSpace="rgb" deviceValues="151.9697 151.9697 151.9697" Patch_ID="" BlankPatch="False" Measured="False"/><patchSpec index="342" colorSpace="rgb" deviceValues="149.3939 149.3939 149.3939" Patch_ID="" BlankPatch="False" Measured="False"/><patchSpec index="343" colorSpace="rgb" deviceValues="146.8182 146.8182 146.8182" Patch_ID="" BlankPatch="False" Measured="False"/><patchSpec index="344" colorSpace="rgb" deviceValues="144.2424 144.2424 144.2424" Patch_ID="" BlankPatch="False" Measured="False"/><patchSpec index="345" colorSpace="rgb" deviceValues="141.6667 141.6667 141.6667" Patch_ID="" BlankPatch="False" Measured="False"/><patchSpec index="346" colorSpace="rgb" deviceValues="139.0909 139.0909 139.0909" Patch_ID="" BlankPatch="False" Measured="False"/><patchSpec index="347" colorSpace="rgb" deviceValues="136.5152 136.5152 136.5152" Patch_ID="" BlankPatch="False" Measured="False"/><patchSpec index="348" colorSpace="rgb" deviceValues="133.9394 133.9394 133.9394" Patch_ID="" BlankPatch="False" Measured="False"/><patchSpec index="349" colorSpace="rgb" deviceValues="131.3636 131.3636 131.3636" Patch_ID="" BlankPatch="False" Measured="False"/><patchSpec index="350" colorSpace="rgb" deviceValues="128.7879 128.7879 128.7879" Patch_ID="" BlankPatch="False" Measured="False"/><patchSpec index="351" colorSpace="rgb" deviceValues="126.2121 126.2121 126.2121" Patch_ID="" BlankPatch="False" Measured="False"/><patchSpec index="352" colorSpace="rgb" deviceValues="123.6364 123.6364 123.6364" Patch_ID="" BlankPatch="False" Measured="False"/><patchSpec index="353" colorSpace="rgb" deviceValues="121.0606 121.0606 121.0606" Patch_ID="" BlankPatch="False" Measured="False"/><patchSpec index="354" colorSpace="rgb" deviceValues="118.4848 118.4848 118.4848" Patch_ID="" BlankPatch="False" Measured="False"/><patchSpec index="355" colorSpace="rgb" deviceValues="115.9091 115.9091 115.9091" Patch_ID="" BlankPatch="False" Measured="False"/><patchSpec index="356" colorSpace="rgb" deviceValues="113.3333 113.3333 113.3333" Patch_ID="" BlankPatch="False" Measured="False"/><patchSpec index="357" colorSpace="rgb" deviceValues="110.7576 110.7576 110.7576" Patch_ID="" BlankPatch="False" Measured="False"/><patchSpec index="358" colorSpace="rgb" deviceValues="108.1818 108.1818 108.1818" Patch_ID="" BlankPatch="False" Measured="False"/><patchSpec index="359" colorSpace="rgb" deviceValues="105.6061 105.6061 105.6061" Patch_ID="" BlankPatch="False" Measured="False"/><patchSpec index="360" colorSpace="rgb" deviceValues="103.0303 103.0303 103.0303" Patch_ID="" BlankPatch="False" Measured="False"/><patchSpec index="361" colorSpace="rgb" deviceValues="100.4545 100.4545 100.4545" Patch_ID="" BlankPatch="False" Measured="False"/><patchSpec index="362" colorSpace="rgb" deviceValues="97.87879 97.87879 97.87879" Patch_ID="" BlankPatch="False" Measured="False"/><patchSpec index="363" colorSpace="rgb" deviceValues="95.30303 95.30303 95.30303" Patch_ID="" BlankPatch="False" Measured="False"/><patchSpec index="364" colorSpace="rgb" deviceValues="92.72727 92.72727 92.72727" Patch_ID="" BlankPatch="False" Measured="False"/><patchSpec index="365" colorSpace="rgb" deviceValues="90.15152 90.15152 90.15152" Patch_ID="" BlankPatch="False" Measured="False"/><patchSpec index="366" colorSpace="rgb" deviceValues="87.57576 87.57576 87.57576" Patch_ID="" BlankPatch="False" Measured="False"/><patchSpec index="367" colorSpace="rgb" deviceValues="85 85 85" Patch_ID="" BlankPatch="False" Measured="False"/><patchSpec index="368" colorSpace="rgb" deviceValues="82.42424 82.42424 82.42424" Patch_ID="" BlankPatch="False" Measured="False"/><patchSpec index="369" colorSpace="rgb" deviceValues="79.84848 79.84848 79.84848" Patch_ID="" BlankPatch="False" Measured="False"/><patchSpec index="370" colorSpace="rgb" deviceValues="77.27273 77.27273 77.27273" Patch_ID="" BlankPatch="False" Measured="False"/><patchSpec index="371" colorSpace="rgb" deviceValues="74.69697 74.69697 74.69697" Patch_ID="" BlankPatch="False" Measured="False"/><patchSpec index="372" colorSpace="rgb" deviceValues="72.12121 72.12121 72.12121" Patch_ID="" BlankPatch="False" Measured="False"/><patchSpec index="373" colorSpace="rgb" deviceValues="69.54545 69.54545 69.54545" Patch_ID="" BlankPatch="False" Measured="False"/><patchSpec index="374" colorSpace="rgb" deviceValues="66.9697 66.9697 66.9697" Patch_ID="" BlankPatch="False" Measured="False"/><patchSpec index="375" colorSpace="rgb" deviceValues="64.39394 64.39394 64.39394" Patch_ID="" BlankPatch="False" Measured="False"/><patchSpec index="376" colorSpace="rgb" deviceValues="61.81818 61.81818 61.81818" Patch_ID="" BlankPatch="False" Measured="False"/><patchSpec index="377" colorSpace="rgb" deviceValues="59.24242 59.24242 59.24242" Patch_ID="" BlankPatch="False" Measured="False"/><patchSpec index="378" colorSpace="rgb" deviceValues="56.66667 56.66667 56.66667" Patch_ID="" BlankPatch="False" Measured="False"/><patchSpec index="379" colorSpace="rgb" deviceValues="54.09091 54.09091 54.09091" Patch_ID="" BlankPatch="False" Measured="False"/><patchSpec index="380" colorSpace="rgb" deviceValues="51.51515 51.51515 51.51515" Patch_ID="" BlankPatch="False" Measured="False"/><patchSpec index="381" colorSpace="rgb" deviceValues="48.93939 48.93939 48.93939" Patch_ID="" BlankPatch="False" Measured="False"/><patchSpec index="382" colorSpace="rgb" deviceValues="46.36364 46.36364 46.36364" Patch_ID="" BlankPatch="False" Measured="False"/><patchSpec index="383" colorSpace="rgb" deviceValues="43.78788 43.78788 43.78788" Patch_ID="" BlankPatch="False" Measured="False"/><patchSpec index="384" colorSpace="rgb" deviceValues="41.21212 41.21212 41.21212" Patch_ID="" BlankPatch="False" Measured="False"/><patchSpec index="385" colorSpace="rgb" deviceValues="38.63636 38.63636 38.63636" Patch_ID="" BlankPatch="False" Measured="False"/><patchSpec index="386" colorSpace="rgb" deviceValues="36.06061 36.06061 36.06061" Patch_ID="" BlankPatch="False" Measured="False"/><patchSpec index="387" colorSpace="rgb" deviceValues="33.48485 33.48485 33.48485" Patch_ID="" BlankPatch="False" Measured="False"/><patchSpec index="388" colorSpace="rgb" deviceValues="30.90909 30.90909 30.90909" Patch_ID="" BlankPatch="False" Measured="False"/><patchSpec index="389" colorSpace="rgb" deviceValues="28.33333 28.33333 28.33333" Patch_ID="" BlankPatch="False" Measured="False"/><patchSpec index="390" colorSpace="rgb" deviceValues="25.75758 25.75758 25.75758" Patch_ID="" BlankPatch="False" Measured="False"/><patchSpec index="391" colorSpace="rgb" deviceValues="23.18182 23.18182 23.18182" Patch_ID="" BlankPatch="False" Measured="False"/><patchSpec index="392" colorSpace="rgb" deviceValues="20.60606 20.60606 20.60606" Patch_ID="" BlankPatch="False" Measured="False"/><patchSpec index="393" colorSpace="rgb" deviceValues="18.0303 18.0303 18.0303" Patch_ID="" BlankPatch="False" Measured="False"/><patchSpec index="394" colorSpace="rgb" deviceValues="15.45455 15.45455 15.45455" Patch_ID="" BlankPatch="False" Measured="False"/><patchSpec index="395" colorSpace="rgb" deviceValues="12.87879 12.87879 12.87879" Patch_ID="" BlankPatch="False" Measured="False"/><patchSpec index="396" colorSpace="rgb" deviceValues="10.30303 10.30303 10.30303" Patch_ID="" BlankPatch="False" Measured="False"/><patchSpec index="397" colorSpace="rgb" deviceValues="7.727273 7.727273 7.727273" Patch_ID="" BlankPatch="False" Measured="False"/><patchSpec index="398" colorSpace="rgb" deviceValues="5.151515 5.151515 5.151515" Patch_ID="" BlankPatch="False" Measured="False"/><patchSpec index="399" colorSpace="rgb" deviceValues="2.575758 2.575758 2.575758" Patch_ID="" BlankPatch="False" Measured="False"/><patchSpec index="400" colorSpace="rgb" deviceValues="0 0 0" Patch_ID="" BlankPatch="False" Measured="False"/><patchSpec index="401" colorSpace="rgb" deviceValues="255 255 255" Patch_ID="" BlankPatch="False" Measured="False"/><patchSpec index="402" colorSpace="rgb" deviceValues="252.4242 252.4242 252.4242" Patch_ID="" BlankPatch="False" Measured="False"/><patchSpec index="403" colorSpace="rgb" deviceValues="249.8485 249.8485 249.8485" Patch_ID="" BlankPatch="False" Measured="False"/><patchSpec index="404" colorSpace="rgb" deviceValues="247.2727 247.2727 247.2727" Patch_ID="" BlankPatch="False" Measured="False"/><patchSpec index="405" colorSpace="rgb" deviceValues="244.697 244.697 244.697" Patch_ID="" BlankPatch="False" Measured="False"/><patchSpec index="406" colorSpace="rgb" deviceValues="242.1212 242.1212 242.1212" Patch_ID="" BlankPatch="False" Measured="False"/><patchSpec index="407" colorSpace="rgb" deviceValues="239.5455 239.5455 239.5455" Patch_ID="" BlankPatch="False" Measured="False"/><patchSpec index="408" colorSpace="rgb" deviceValues="236.9697 236.9697 236.9697" Patch_ID="" BlankPatch="False" Measured="False"/><patchSpec index="409" colorSpace="rgb" deviceValues="234.3939 234.3939 234.3939" Patch_ID="" BlankPatch="False" Measured="False"/><patchSpec index="410" colorSpace="rgb" deviceValues="231.8182 231.8182 231.8182" Patch_ID="" BlankPatch="False" Measured="False"/><patchSpec index="411" colorSpace="rgb" deviceValues="229.2424 229.2424 229.2424" Patch_ID="" BlankPatch="False" Measured="False"/><patchSpec index="412" colorSpace="rgb" deviceValues="226.6667 226.6667 226.6667" Patch_ID="" BlankPatch="False" Measured="False"/><patchSpec index="413" colorSpace="rgb" deviceValues="224.0909 224.0909 224.0909" Patch_ID="" BlankPatch="False" Measured="False"/><patchSpec index="414" colorSpace="rgb" deviceValues="221.5152 221.5152 221.5152" Patch_ID="" BlankPatch="False" Measured="False"/><patchSpec index="415" colorSpace="rgb" deviceValues="218.9394 218.9394 218.9394" Patch_ID="" BlankPatch="False" Measured="False"/><patchSpec index="416" colorSpace="rgb" deviceValues="216.3636 216.3636 216.3636" Patch_ID="" BlankPatch="False" Measured="False"/><patchSpec index="417" colorSpace="rgb" deviceValues="213.7879 213.7879 213.7879" Patch_ID="" BlankPatch="False" Measured="False"/><patchSpec index="418" colorSpace="rgb" deviceValues="211.2121 211.2121 211.2121" Patch_ID="" BlankPatch="False" Measured="False"/><patchSpec index="419" colorSpace="rgb" deviceValues="208.6364 208.6364 208.6364" Patch_ID="" BlankPatch="False" Measured="False"/><patchSpec index="420" colorSpace="rgb" deviceValues="206.0606 206.0606 206.0606" Patch_ID="" BlankPatch="False" Measured="False"/><patchSpec index="421" colorSpace="rgb" deviceValues="203.4848 203.4848 203.4848" Patch_ID="" BlankPatch="False" Measured="False"/><patchSpec index="422" colorSpace="rgb" deviceValues="200.9091 200.9091 200.9091" Patch_ID="" BlankPatch="False" Measured="False"/><patchSpec index="423" colorSpace="rgb" deviceValues="198.3333 198.3333 198.3333" Patch_ID="" BlankPatch="False" Measured="False"/><patchSpec index="424" colorSpace="rgb" deviceValues="195.7576 195.7576 195.7576" Patch_ID="" BlankPatch="False" Measured="False"/><patchSpec index="425" colorSpace="rgb" deviceValues="193.1818 193.1818 193.1818" Patch_ID="" BlankPatch="False" Measured="False"/><patchSpec index="426" colorSpace="rgb" deviceValues="190.6061 190.6061 190.6061" Patch_ID="" BlankPatch="False" Measured="False"/><patchSpec index="427" colorSpace="rgb" deviceValues="188.0303 188.0303 188.0303" Patch_ID="" BlankPatch="False" Measured="False"/><patchSpec index="428" colorSpace="rgb" deviceValues="185.4545 185.4545 185.4545" Patch_ID="" BlankPatch="False" Measured="False"/><patchSpec index="429" colorSpace="rgb" deviceValues="182.8788 182.8788 182.8788" Patch_ID="" BlankPatch="False" Measured="False"/><patchSpec index="430" colorSpace="rgb" deviceValues="180.303 180.303 180.303" Patch_ID="" BlankPatch="False" Measured="False"/><patchSpec index="431" colorSpace="rgb" deviceValues="177.7273 177.7273 177.7273" Patch_ID="" BlankPatch="False" Measured="False"/><patchSpec index="432" colorSpace="rgb" deviceValues="175.1515 175.1515 175.1515" Patch_ID="" BlankPatch="False" Measured="False"/><patchSpec index="433" colorSpace="rgb" deviceValues="172.5758 172.5758 172.5758" Patch_ID="" BlankPatch="False" Measured="False"/><patchSpec index="434" colorSpace="rgb" deviceValues="170 170 170" Patch_ID="" BlankPatch="False" Measured="False"/><patchSpec index="435" colorSpace="rgb" deviceValues="167.4242 167.4242 167.4242" Patch_ID="" BlankPatch="False" Measured="False"/><patchSpec index="436" colorSpace="rgb" deviceValues="164.8485 164.8485 164.8485" Patch_ID="" BlankPatch="False" Measured="False"/><patchSpec index="437" colorSpace="rgb" deviceValues="162.2727 162.2727 162.2727" Patch_ID="" BlankPatch="False" Measured="False"/><patchSpec index="438" colorSpace="rgb" deviceValues="159.697 159.697 159.697" Patch_ID="" BlankPatch="False" Measured="False"/><patchSpec index="439" colorSpace="rgb" deviceValues="157.1212 157.1212 157.1212" Patch_ID="" BlankPatch="False" Measured="False"/><patchSpec index="440" colorSpace="rgb" deviceValues="154.5455 154.5455 154.5455" Patch_ID="" BlankPatch="False" Measured="False"/><patchSpec index="441" colorSpace="rgb" deviceValues="151.9697 151.9697 151.9697" Patch_ID="" BlankPatch="False" Measured="False"/><patchSpec index="442" colorSpace="rgb" deviceValues="149.3939 149.3939 149.3939" Patch_ID="" BlankPatch="False" Measured="False"/><patchSpec index="443" colorSpace="rgb" deviceValues="146.8182 146.8182 146.8182" Patch_ID="" BlankPatch="False" Measured="False"/><patchSpec index="444" colorSpace="rgb" deviceValues="144.2424 144.2424 144.2424" Patch_ID="" BlankPatch="False" Measured="False"/><patchSpec index="445" colorSpace="rgb" deviceValues="141.6667 141.6667 141.6667" Patch_ID="" BlankPatch="False" Measured="False"/><patchSpec index="446" colorSpace="rgb" deviceValues="139.0909 139.0909 139.0909" Patch_ID="" BlankPatch="False" Measured="False"/><patchSpec index="447" colorSpace="rgb" deviceValues="136.5152 136.5152 136.5152" Patch_ID="" BlankPatch="False" Measured="False"/><patchSpec index="448" colorSpace="rgb" deviceValues="133.9394 133.9394 133.9394" Patch_ID="" BlankPatch="False" Measured="False"/><patchSpec index="449" colorSpace="rgb" deviceValues="131.3636 131.3636 131.3636" Patch_ID="" BlankPatch="False" Measured="False"/><patchSpec index="450" colorSpace="rgb" deviceValues="128.7879 128.7879 128.7879" Patch_ID="" BlankPatch="False" Measured="False"/><patchSpec index="451" colorSpace="rgb" deviceValues="126.2121 126.2121 126.2121" Patch_ID="" BlankPatch="False" Measured="False"/><patchSpec index="452" colorSpace="rgb" deviceValues="123.6364 123.6364 123.6364" Patch_ID="" BlankPatch="False" Measured="False"/><patchSpec index="453" colorSpace="rgb" deviceValues="121.0606 121.0606 121.0606" Patch_ID="" BlankPatch="False" Measured="False"/><patchSpec index="454" colorSpace="rgb" deviceValues="118.4848 118.4848 118.4848" Patch_ID="" BlankPatch="False" Measured="False"/><patchSpec index="455" colorSpace="rgb" deviceValues="115.9091 115.9091 115.9091" Patch_ID="" BlankPatch="False" Measured="False"/><patchSpec index="456" colorSpace="rgb" deviceValues="113.3333 113.3333 113.3333" Patch_ID="" BlankPatch="False" Measured="False"/><patchSpec index="457" colorSpace="rgb" deviceValues="110.7576 110.7576 110.7576" Patch_ID="" BlankPatch="False" Measured="False"/><patchSpec index="458" colorSpace="rgb" deviceValues="108.1818 108.1818 108.1818" Patch_ID="" BlankPatch="False" Measured="False"/><patchSpec index="459" colorSpace="rgb" deviceValues="105.6061 105.6061 105.6061" Patch_ID="" BlankPatch="False" Measured="False"/><patchSpec index="460" colorSpace="rgb" deviceValues="103.0303 103.0303 103.0303" Patch_ID="" BlankPatch="False" Measured="False"/><patchSpec index="461" colorSpace="rgb" deviceValues="100.4545 100.4545 100.4545" Patch_ID="" BlankPatch="False" Measured="False"/><patchSpec index="462" colorSpace="rgb" deviceValues="97.87879 97.87879 97.87879" Patch_ID="" BlankPatch="False" Measured="False"/><patchSpec index="463" colorSpace="rgb" deviceValues="95.30303 95.30303 95.30303" Patch_ID="" BlankPatch="False" Measured="False"/><patchSpec index="464" colorSpace="rgb" deviceValues="92.72727 92.72727 92.72727" Patch_ID="" BlankPatch="False" Measured="False"/><patchSpec index="465" colorSpace="rgb" deviceValues="90.15152 90.15152 90.15152" Patch_ID="" BlankPatch="False" Measured="False"/><patchSpec index="466" colorSpace="rgb" deviceValues="87.57576 87.57576 87.57576" Patch_ID="" BlankPatch="False" Measured="False"/><patchSpec index="467" colorSpace="rgb" deviceValues="85 85 85" Patch_ID="" BlankPatch="False" Measured="False"/><patchSpec index="468" colorSpace="rgb" deviceValues="82.42424 82.42424 82.42424" Patch_ID="" BlankPatch="False" Measured="False"/><patchSpec index="469" colorSpace="rgb" deviceValues="79.84848 79.84848 79.84848" Patch_ID="" BlankPatch="False" Measured="False"/><patchSpec index="470" colorSpace="rgb" deviceValues="77.27273 77.27273 77.27273" Patch_ID="" BlankPatch="False" Measured="False"/><patchSpec index="471" colorSpace="rgb" deviceValues="74.69697 74.69697 74.69697" Patch_ID="" BlankPatch="False" Measured="False"/><patchSpec index="472" colorSpace="rgb" deviceValues="72.12121 72.12121 72.12121" Patch_ID="" BlankPatch="False" Measured="False"/><patchSpec index="473" colorSpace="rgb" deviceValues="69.54545 69.54545 69.54545" Patch_ID="" BlankPatch="False" Measured="False"/><patchSpec index="474" colorSpace="rgb" deviceValues="66.9697 66.9697 66.9697" Patch_ID="" BlankPatch="False" Measured="False"/><patchSpec index="475" colorSpace="rgb" deviceValues="64.39394 64.39394 64.39394" Patch_ID="" BlankPatch="False" Measured="False"/><patchSpec index="476" colorSpace="rgb" deviceValues="61.81818 61.81818 61.81818" Patch_ID="" BlankPatch="False" Measured="False"/><patchSpec index="477" colorSpace="rgb" deviceValues="59.24242 59.24242 59.24242" Patch_ID="" BlankPatch="False" Measured="False"/><patchSpec index="478" colorSpace="rgb" deviceValues="56.66667 56.66667 56.66667" Patch_ID="" BlankPatch="False" Measured="False"/><patchSpec index="479" colorSpace="rgb" deviceValues="54.09091 54.09091 54.09091" Patch_ID="" BlankPatch="False" Measured="False"/><patchSpec index="480" colorSpace="rgb" deviceValues="51.51515 51.51515 51.51515" Patch_ID="" BlankPatch="False" Measured="False"/><patchSpec index="481" colorSpace="rgb" deviceValues="48.93939 48.93939 48.93939" Patch_ID="" BlankPatch="False" Measured="False"/><patchSpec index="482" colorSpace="rgb" deviceValues="46.36364 46.36364 46.36364" Patch_ID="" BlankPatch="False" Measured="False"/><patchSpec index="483" colorSpace="rgb" deviceValues="43.78788 43.78788 43.78788" Patch_ID="" BlankPatch="False" Measured="False"/><patchSpec index="484" colorSpace="rgb" deviceValues="41.21212 41.21212 41.21212" Patch_ID="" BlankPatch="False" Measured="False"/><patchSpec index="485" colorSpace="rgb" deviceValues="38.63636 38.63636 38.63636" Patch_ID="" BlankPatch="False" Measured="False"/><patchSpec index="486" colorSpace="rgb" deviceValues="36.06061 36.06061 36.06061" Patch_ID="" BlankPatch="False" Measured="False"/><patchSpec index="487" colorSpace="rgb" deviceValues="33.48485 33.48485 33.48485" Patch_ID="" BlankPatch="False" Measured="False"/><patchSpec index="488" colorSpace="rgb" deviceValues="30.90909 30.90909 30.90909" Patch_ID="" BlankPatch="False" Measured="False"/><patchSpec index="489" colorSpace="rgb" deviceValues="28.33333 28.33333 28.33333" Patch_ID="" BlankPatch="False" Measured="False"/><patchSpec index="490" colorSpace="rgb" deviceValues="25.75758 25.75758 25.75758" Patch_ID="" BlankPatch="False" Measured="False"/><patchSpec index="491" colorSpace="rgb" deviceValues="23.18182 23.18182 23.18182" Patch_ID="" BlankPatch="False" Measured="False"/><patchSpec index="492" colorSpace="rgb" deviceValues="20.60606 20.60606 20.60606" Patch_ID="" BlankPatch="False" Measured="False"/><patchSpec index="493" colorSpace="rgb" deviceValues="18.0303 18.0303 18.0303" Patch_ID="" BlankPatch="False" Measured="False"/><patchSpec index="494" colorSpace="rgb" deviceValues="15.45455 15.45455 15.45455" Patch_ID="" BlankPatch="False" Measured="False"/><patchSpec index="495" colorSpace="rgb" deviceValues="12.87879 12.87879 12.87879" Patch_ID="" BlankPatch="False" Measured="False"/><patchSpec index="496" colorSpace="rgb" deviceValues="10.30303 10.30303 10.30303" Patch_ID="" BlankPatch="False" Measured="False"/><patchSpec index="497" colorSpace="rgb" deviceValues="7.727273 7.727273 7.727273" Patch_ID="" BlankPatch="False" Measured="False"/><patchSpec index="498" colorSpace="rgb" deviceValues="5.151515 5.151515 5.151515" Patch_ID="" BlankPatch="False" Measured="False"/><patchSpec index="499" colorSpace="rgb" deviceValues="2.575758 2.575758 2.575758" Patch_ID="" BlankPatch="False" Measured="False"/><patchSpec index="500" colorSpace="rgb" deviceValues="0 0 0" Patch_ID="" BlankPatch="False" Measured="False"/><patchSpec index="501" colorSpace="rgb" deviceValues="255 255 255" Patch_ID="" BlankPatch="False" Measured="False"/><patchSpec index="502" colorSpace="rgb" deviceValues="252.4242 252.4242 252.4242" Patch_ID="" BlankPatch="False" Measured="False"/><patchSpec index="503" colorSpace="rgb" deviceValues="249.8485 249.8485 249.8485" Patch_ID="" BlankPatch="False" Measured="False"/><patchSpec index="504" colorSpace="rgb" deviceValues="247.2727 247.2727 247.2727" Patch_ID="" BlankPatch="False" Measured="False"/><patchSpec index="505" colorSpace="rgb" deviceValues="244.697 244.697 244.697" Patch_ID="" BlankPatch="False" Measured="False"/><patchSpec index="506" colorSpace="rgb" deviceValues="242.1212 242.1212 242.1212" Patch_ID="" BlankPatch="False" Measured="False"/><patchSpec index="507" colorSpace="rgb" deviceValues="239.5455 239.5455 239.5455" Patch_ID="" BlankPatch="False" Measured="False"/><patchSpec index="508" colorSpace="rgb" deviceValues="236.9697 236.9697 236.9697" Patch_ID="" BlankPatch="False" Measured="False"/><patchSpec index="509" colorSpace="rgb" deviceValues="234.3939 234.3939 234.3939" Patch_ID="" BlankPatch="False" Measured="False"/><patchSpec index="510" colorSpace="rgb" deviceValues="231.8182 231.8182 231.8182" Patch_ID="" BlankPatch="False" Measured="False"/><patchSpec index="511" colorSpace="rgb" deviceValues="229.2424 229.2424 229.2424" Patch_ID="" BlankPatch="False" Measured="False"/><patchSpec index="512" colorSpace="rgb" deviceValues="226.6667 226.6667 226.6667" Patch_ID="" BlankPatch="False" Measured="False"/><patchSpec index="513" colorSpace="rgb" deviceValues="224.0909 224.0909 224.0909" Patch_ID="" BlankPatch="False" Measured="False"/><patchSpec index="514" colorSpace="rgb" deviceValues="221.5152 221.5152 221.5152" Patch_ID="" BlankPatch="False" Measured="False"/><patchSpec index="515" colorSpace="rgb" deviceValues="218.9394 218.9394 218.9394" Patch_ID="" BlankPatch="False" Measured="False"/><patchSpec index="516" colorSpace="rgb" deviceValues="216.3636 216.3636 216.3636" Patch_ID="" BlankPatch="False" Measured="False"/><patchSpec index="517" colorSpace="rgb" deviceValues="213.7879 213.7879 213.7879" Patch_ID="" BlankPatch="False" Measured="False"/><patchSpec index="518" colorSpace="rgb" deviceValues="211.2121 211.2121 211.2121" Patch_ID="" BlankPatch="False" Measured="False"/><patchSpec index="519" colorSpace="rgb" deviceValues="208.6364 208.6364 208.6364" Patch_ID="" BlankPatch="False" Measured="False"/><patchSpec index="520" colorSpace="rgb" deviceValues="206.0606 206.0606 206.0606" Patch_ID="" BlankPatch="False" Measured="False"/><patchSpec index="521" colorSpace="rgb" deviceValues="203.4848 203.4848 203.4848" Patch_ID="" BlankPatch="False" Measured="False"/><patchSpec index="522" colorSpace="rgb" deviceValues="200.9091 200.9091 200.9091" Patch_ID="" BlankPatch="False" Measured="False"/><patchSpec index="523" colorSpace="rgb" deviceValues="198.3333 198.3333 198.3333" Patch_ID="" BlankPatch="False" Measured="False"/><patchSpec index="524" colorSpace="rgb" deviceValues="195.7576 195.7576 195.7576" Patch_ID="" BlankPatch="False" Measured="False"/><patchSpec index="525" colorSpace="rgb" deviceValues="193.1818 193.1818 193.1818" Patch_ID="" BlankPatch="False" Measured="False"/><patchSpec index="526" colorSpace="rgb" deviceValues="190.6061 190.6061 190.6061" Patch_ID="" BlankPatch="False" Measured="False"/><patchSpec index="527" colorSpace="rgb" deviceValues="188.0303 188.0303 188.0303" Patch_ID="" BlankPatch="False" Measured="False"/><patchSpec index="528" colorSpace="rgb" deviceValues="185.4545 185.4545 185.4545" Patch_ID="" BlankPatch="False" Measured="False"/><patchSpec index="529" colorSpace="rgb" deviceValues="182.8788 182.8788 182.8788" Patch_ID="" BlankPatch="False" Measured="False"/><patchSpec index="530" colorSpace="rgb" deviceValues="180.303 180.303 180.303" Patch_ID="" BlankPatch="False" Measured="False"/><patchSpec index="531" colorSpace="rgb" deviceValues="177.7273 177.7273 177.7273" Patch_ID="" BlankPatch="False" Measured="False"/><patchSpec index="532" colorSpace="rgb" deviceValues="175.1515 175.1515 175.1515" Patch_ID="" BlankPatch="False" Measured="False"/><patchSpec index="533" colorSpace="rgb" deviceValues="172.5758 172.5758 172.5758" Patch_ID="" BlankPatch="False" Measured="False"/><patchSpec index="534" colorSpace="rgb" deviceValues="170 170 170" Patch_ID="" BlankPatch="False" Measured="False"/><patchSpec index="535" colorSpace="rgb" deviceValues="167.4242 167.4242 167.4242" Patch_ID="" BlankPatch="False" Measured="False"/><patchSpec index="536" colorSpace="rgb" deviceValues="164.8485 164.8485 164.8485" Patch_ID="" BlankPatch="False" Measured="False"/><patchSpec index="537" colorSpace="rgb" deviceValues="162.2727 162.2727 162.2727" Patch_ID="" BlankPatch="False" Measured="False"/><patchSpec index="538" colorSpace="rgb" deviceValues="159.697 159.697 159.697" Patch_ID="" BlankPatch="False" Measured="False"/><patchSpec index="539" colorSpace="rgb" deviceValues="157.1212 157.1212 157.1212" Patch_ID="" BlankPatch="False" Measured="False"/><patchSpec index="540" colorSpace="rgb" deviceValues="154.5455 154.5455 154.5455" Patch_ID="" BlankPatch="False" Measured="False"/><patchSpec index="541" colorSpace="rgb" deviceValues="151.9697 151.9697 151.9697" Patch_ID="" BlankPatch="False" Measured="False"/><patchSpec index="542" colorSpace="rgb" deviceValues="149.3939 149.3939 149.3939" Patch_ID="" BlankPatch="False" Measured="False"/><patchSpec index="543" colorSpace="rgb" deviceValues="146.8182 146.8182 146.8182" Patch_ID="" BlankPatch="False" Measured="False"/><patchSpec index="544" colorSpace="rgb" deviceValues="144.2424 144.2424 144.2424" Patch_ID="" BlankPatch="False" Measured="False"/><patchSpec index="545" colorSpace="rgb" deviceValues="141.6667 141.6667 141.6667" Patch_ID="" BlankPatch="False" Measured="False"/><patchSpec index="546" colorSpace="rgb" deviceValues="139.0909 139.0909 139.0909" Patch_ID="" BlankPatch="False" Measured="False"/><patchSpec index="547" colorSpace="rgb" deviceValues="136.5152 136.5152 136.5152" Patch_ID="" BlankPatch="False" Measured="False"/><patchSpec index="548" colorSpace="rgb" deviceValues="133.9394 133.9394 133.9394" Patch_ID="" BlankPatch="False" Measured="False"/><patchSpec index="549" colorSpace="rgb" deviceValues="131.3636 131.3636 131.3636" Patch_ID="" BlankPatch="False" Measured="False"/><patchSpec index="550" colorSpace="rgb" deviceValues="128.7879 128.7879 128.7879" Patch_ID="" BlankPatch="False" Measured="False"/><patchSpec index="551" colorSpace="rgb" deviceValues="126.2121 126.2121 126.2121" Patch_ID="" BlankPatch="False" Measured="False"/><patchSpec index="552" colorSpace="rgb" deviceValues="123.6364 123.6364 123.6364" Patch_ID="" BlankPatch="False" Measured="False"/><patchSpec index="553" colorSpace="rgb" deviceValues="121.0606 121.0606 121.0606" Patch_ID="" BlankPatch="False" Measured="False"/><patchSpec index="554" colorSpace="rgb" deviceValues="118.4848 118.4848 118.4848" Patch_ID="" BlankPatch="False" Measured="False"/><patchSpec index="555" colorSpace="rgb" deviceValues="115.9091 115.9091 115.9091" Patch_ID="" BlankPatch="False" Measured="False"/><patchSpec index="556" colorSpace="rgb" deviceValues="113.3333 113.3333 113.3333" Patch_ID="" BlankPatch="False" Measured="False"/><patchSpec index="557" colorSpace="rgb" deviceValues="110.7576 110.7576 110.7576" Patch_ID="" BlankPatch="False" Measured="False"/><patchSpec index="558" colorSpace="rgb" deviceValues="108.1818 108.1818 108.1818" Patch_ID="" BlankPatch="False" Measured="False"/><patchSpec index="559" colorSpace="rgb" deviceValues="105.6061 105.6061 105.6061" Patch_ID="" BlankPatch="False" Measured="False"/><patchSpec index="560" colorSpace="rgb" deviceValues="103.0303 103.0303 103.0303" Patch_ID="" BlankPatch="False" Measured="False"/><patchSpec index="561" colorSpace="rgb" deviceValues="100.4545 100.4545 100.4545" Patch_ID="" BlankPatch="False" Measured="False"/><patchSpec index="562" colorSpace="rgb" deviceValues="97.87879 97.87879 97.87879" Patch_ID="" BlankPatch="False" Measured="False"/><patchSpec index="563" colorSpace="rgb" deviceValues="95.30303 95.30303 95.30303" Patch_ID="" BlankPatch="False" Measured="False"/><patchSpec index="564" colorSpace="rgb" deviceValues="92.72727 92.72727 92.72727" Patch_ID="" BlankPatch="False" Measured="False"/><patchSpec index="565" colorSpace="rgb" deviceValues="90.15152 90.15152 90.15152" Patch_ID="" BlankPatch="False" Measured="False"/><patchSpec index="566" colorSpace="rgb" deviceValues="87.57576 87.57576 87.57576" Patch_ID="" BlankPatch="False" Measured="False"/><patchSpec index="567" colorSpace="rgb" deviceValues="85 85 85" Patch_ID="" BlankPatch="False" Measured="False"/><patchSpec index="568" colorSpace="rgb" deviceValues="82.42424 82.42424 82.42424" Patch_ID="" BlankPatch="False" Measured="False"/><patchSpec index="569" colorSpace="rgb" deviceValues="79.84848 79.84848 79.84848" Patch_ID="" BlankPatch="False" Measured="False"/><patchSpec index="570" colorSpace="rgb" deviceValues="77.27273 77.27273 77.27273" Patch_ID="" BlankPatch="False" Measured="False"/><patchSpec index="571" colorSpace="rgb" deviceValues="74.69697 74.69697 74.69697" Patch_ID="" BlankPatch="False" Measured="False"/><patchSpec index="572" colorSpace="rgb" deviceValues="72.12121 72.12121 72.12121" Patch_ID="" BlankPatch="False" Measured="False"/><patchSpec index="573" colorSpace="rgb" deviceValues="69.54545 69.54545 69.54545" Patch_ID="" BlankPatch="False" Measured="False"/><patchSpec index="574" colorSpace="rgb" deviceValues="66.9697 66.9697 66.9697" Patch_ID="" BlankPatch="False" Measured="False"/><patchSpec index="575" colorSpace="rgb" deviceValues="64.39394 64.39394 64.39394" Patch_ID="" BlankPatch="False" Measured="False"/><patchSpec index="576" colorSpace="rgb" deviceValues="61.81818 61.81818 61.81818" Patch_ID="" BlankPatch="False" Measured="False"/><patchSpec index="577" colorSpace="rgb" deviceValues="59.24242 59.24242 59.24242" Patch_ID="" BlankPatch="False" Measured="False"/><patchSpec index="578" colorSpace="rgb" deviceValues="56.66667 56.66667 56.66667" Patch_ID="" BlankPatch="False" Measured="False"/><patchSpec index="579" colorSpace="rgb" deviceValues="54.09091 54.09091 54.09091" Patch_ID="" BlankPatch="False" Measured="False"/><patchSpec index="580" colorSpace="rgb" deviceValues="51.51515 51.51515 51.51515" Patch_ID="" BlankPatch="False" Measured="False"/><patchSpec index="581" colorSpace="rgb" deviceValues="48.93939 48.93939 48.93939" Patch_ID="" BlankPatch="False" Measured="False"/><patchSpec index="582" colorSpace="rgb" deviceValues="46.36364 46.36364 46.36364" Patch_ID="" BlankPatch="False" Measured="False"/><patchSpec index="583" colorSpace="rgb" deviceValues="43.78788 43.78788 43.78788" Patch_ID="" BlankPatch="False" Measured="False"/><patchSpec index="584" colorSpace="rgb" deviceValues="41.21212 41.21212 41.21212" Patch_ID="" BlankPatch="False" Measured="False"/><patchSpec index="585" colorSpace="rgb" deviceValues="38.63636 38.63636 38.63636" Patch_ID="" BlankPatch="False" Measured="False"/><patchSpec index="586" colorSpace="rgb" deviceValues="36.06061 36.06061 36.06061" Patch_ID="" BlankPatch="False" Measured="False"/><patchSpec index="587" colorSpace="rgb" deviceValues="33.48485 33.48485 33.48485" Patch_ID="" BlankPatch="False" Measured="False"/><patchSpec index="588" colorSpace="rgb" deviceValues="30.90909 30.90909 30.90909" Patch_ID="" BlankPatch="False" Measured="False"/><patchSpec index="589" colorSpace="rgb" deviceValues="28.33333 28.33333 28.33333" Patch_ID="" BlankPatch="False" Measured="False"/><patchSpec index="590" colorSpace="rgb" deviceValues="25.75758 25.75758 25.75758" Patch_ID="" BlankPatch="False" Measured="False"/><patchSpec index="591" colorSpace="rgb" deviceValues="23.18182 23.18182 23.18182" Patch_ID="" BlankPatch="False" Measured="False"/><patchSpec index="592" colorSpace="rgb" deviceValues="20.60606 20.60606 20.60606" Patch_ID="" BlankPatch="False" Measured="False"/><patchSpec index="593" colorSpace="rgb" deviceValues="18.0303 18.0303 18.0303" Patch_ID="" BlankPatch="False" Measured="False"/><patchSpec index="594" colorSpace="rgb" deviceValues="15.45455 15.45455 15.45455" Patch_ID="" BlankPatch="False" Measured="False"/><patchSpec index="595" colorSpace="rgb" deviceValues="12.87879 12.87879 12.87879" Patch_ID="" BlankPatch="False" Measured="False"/><patchSpec index="596" colorSpace="rgb" deviceValues="10.30303 10.30303 10.30303" Patch_ID="" BlankPatch="False" Measured="False"/><patchSpec index="597" colorSpace="rgb" deviceValues="7.727273 7.727273 7.727273" Patch_ID="" BlankPatch="False" Measured="False"/><patchSpec index="598" colorSpace="rgb" deviceValues="5.151515 5.151515 5.151515" Patch_ID="" BlankPatch="False" Measured="False"/><patchSpec index="599" colorSpace="rgb" deviceValues="2.575758 2.575758 2.575758" Patch_ID="" BlankPatch="False" Measured="False"/><patchSpec index="600" colorSpace="rgb" deviceValues="0 0 0" Patch_ID="" BlankPatch="False" Measured="False"/><patchSpec index="601" colorSpace="rgb" deviceValues="255 255 255" Patch_ID="" BlankPatch="False" Measured="False"/><patchSpec index="602" colorSpace="rgb" deviceValues="252.4242 252.4242 252.4242" Patch_ID="" BlankPatch="False" Measured="False"/><patchSpec index="603" colorSpace="rgb" deviceValues="249.8485 249.8485 249.8485" Patch_ID="" BlankPatch="False" Measured="False"/><patchSpec index="604" colorSpace="rgb" deviceValues="247.2727 247.2727 247.2727" Patch_ID="" BlankPatch="False" Measured="False"/><patchSpec index="605" colorSpace="rgb" deviceValues="244.697 244.697 244.697" Patch_ID="" BlankPatch="False" Measured="False"/><patchSpec index="606" colorSpace="rgb" deviceValues="242.1212 242.1212 242.1212" Patch_ID="" BlankPatch="False" Measured="False"/><patchSpec index="607" colorSpace="rgb" deviceValues="239.5455 239.5455 239.5455" Patch_ID="" BlankPatch="False" Measured="False"/><patchSpec index="608" colorSpace="rgb" deviceValues="236.9697 236.9697 236.9697" Patch_ID="" BlankPatch="False" Measured="False"/><patchSpec index="609" colorSpace="rgb" deviceValues="234.3939 234.3939 234.3939" Patch_ID="" BlankPatch="False" Measured="False"/><patchSpec index="610" colorSpace="rgb" deviceValues="231.8182 231.8182 231.8182" Patch_ID="" BlankPatch="False" Measured="False"/><patchSpec index="611" colorSpace="rgb" deviceValues="229.2424 229.2424 229.2424" Patch_ID="" BlankPatch="False" Measured="False"/><patchSpec index="612" colorSpace="rgb" deviceValues="226.6667 226.6667 226.6667" Patch_ID="" BlankPatch="False" Measured="False"/><patchSpec index="613" colorSpace="rgb" deviceValues="224.0909 224.0909 224.0909" Patch_ID="" BlankPatch="False" Measured="False"/><patchSpec index="614" colorSpace="rgb" deviceValues="221.5152 221.5152 221.5152" Patch_ID="" BlankPatch="False" Measured="False"/><patchSpec index="615" colorSpace="rgb" deviceValues="218.9394 218.9394 218.9394" Patch_ID="" BlankPatch="False" Measured="False"/><patchSpec index="616" colorSpace="rgb" deviceValues="216.3636 216.3636 216.3636" Patch_ID="" BlankPatch="False" Measured="False"/><patchSpec index="617" colorSpace="rgb" deviceValues="213.7879 213.7879 213.7879" Patch_ID="" BlankPatch="False" Measured="False"/><patchSpec index="618" colorSpace="rgb" deviceValues="211.2121 211.2121 211.2121" Patch_ID="" BlankPatch="False" Measured="False"/><patchSpec index="619" colorSpace="rgb" deviceValues="208.6364 208.6364 208.6364" Patch_ID="" BlankPatch="False" Measured="False"/><patchSpec index="620" colorSpace="rgb" deviceValues="206.0606 206.0606 206.0606" Patch_ID="" BlankPatch="False" Measured="False"/><patchSpec index="621" colorSpace="rgb" deviceValues="203.4848 203.4848 203.4848" Patch_ID="" BlankPatch="False" Measured="False"/><patchSpec index="622" colorSpace="rgb" deviceValues="200.9091 200.9091 200.9091" Patch_ID="" BlankPatch="False" Measured="False"/><patchSpec index="623" colorSpace="rgb" deviceValues="198.3333 198.3333 198.3333" Patch_ID="" BlankPatch="False" Measured="False"/><patchSpec index="624" colorSpace="rgb" deviceValues="195.7576 195.7576 195.7576" Patch_ID="" BlankPatch="False" Measured="False"/><patchSpec index="625" colorSpace="rgb" deviceValues="193.1818 193.1818 193.1818" Patch_ID="" BlankPatch="False" Measured="False"/><patchSpec index="626" colorSpace="rgb" deviceValues="190.6061 190.6061 190.6061" Patch_ID="" BlankPatch="False" Measured="False"/><patchSpec index="627" colorSpace="rgb" deviceValues="188.0303 188.0303 188.0303" Patch_ID="" BlankPatch="False" Measured="False"/><patchSpec index="628" colorSpace="rgb" deviceValues="185.4545 185.4545 185.4545" Patch_ID="" BlankPatch="False" Measured="False"/><patchSpec index="629" colorSpace="rgb" deviceValues="182.8788 182.8788 182.8788" Patch_ID="" BlankPatch="False" Measured="False"/><patchSpec index="630" colorSpace="rgb" deviceValues="180.303 180.303 180.303" Patch_ID="" BlankPatch="False" Measured="False"/><patchSpec index="631" colorSpace="rgb" deviceValues="177.7273 177.7273 177.7273" Patch_ID="" BlankPatch="False" Measured="False"/><patchSpec index="632" colorSpace="rgb" deviceValues="175.1515 175.1515 175.1515" Patch_ID="" BlankPatch="False" Measured="False"/><patchSpec index="633" colorSpace="rgb" deviceValues="172.5758 172.5758 172.5758" Patch_ID="" BlankPatch="False" Measured="False"/><patchSpec index="634" colorSpace="rgb" deviceValues="170 170 170" Patch_ID="" BlankPatch="False" Measured="False"/><patchSpec index="635" colorSpace="rgb" deviceValues="167.4242 167.4242 167.4242" Patch_ID="" BlankPatch="False" Measured="False"/><patchSpec index="636" colorSpace="rgb" deviceValues="164.8485 164.8485 164.8485" Patch_ID="" BlankPatch="False" Measured="False"/><patchSpec index="637" colorSpace="rgb" deviceValues="162.2727 162.2727 162.2727" Patch_ID="" BlankPatch="False" Measured="False"/><patchSpec index="638" colorSpace="rgb" deviceValues="159.697 159.697 159.697" Patch_ID="" BlankPatch="False" Measured="False"/><patchSpec index="639" colorSpace="rgb" deviceValues="157.1212 157.1212 157.1212" Patch_ID="" BlankPatch="False" Measured="False"/><patchSpec index="640" colorSpace="rgb" deviceValues="154.5455 154.5455 154.5455" Patch_ID="" BlankPatch="False" Measured="False"/><patchSpec index="641" colorSpace="rgb" deviceValues="151.9697 151.9697 151.9697" Patch_ID="" BlankPatch="False" Measured="False"/><patchSpec index="642" colorSpace="rgb" deviceValues="149.3939 149.3939 149.3939" Patch_ID="" BlankPatch="False" Measured="False"/><patchSpec index="643" colorSpace="rgb" deviceValues="146.8182 146.8182 146.8182" Patch_ID="" BlankPatch="False" Measured="False"/><patchSpec index="644" colorSpace="rgb" deviceValues="144.2424 144.2424 144.2424" Patch_ID="" BlankPatch="False" Measured="False"/><patchSpec index="645" colorSpace="rgb" deviceValues="141.6667 141.6667 141.6667" Patch_ID="" BlankPatch="False" Measured="False"/><patchSpec index="646" colorSpace="rgb" deviceValues="139.0909 139.0909 139.0909" Patch_ID="" BlankPatch="False" Measured="False"/><patchSpec index="647" colorSpace="rgb" deviceValues="136.5152 136.5152 136.5152" Patch_ID="" BlankPatch="False" Measured="False"/><patchSpec index="648" colorSpace="rgb" deviceValues="133.9394 133.9394 133.9394" Patch_ID="" BlankPatch="False" Measured="False"/><patchSpec index="649" colorSpace="rgb" deviceValues="131.3636 131.3636 131.3636" Patch_ID="" BlankPatch="False" Measured="False"/><patchSpec index="650" colorSpace="rgb" deviceValues="128.7879 128.7879 128.7879" Patch_ID="" BlankPatch="False" Measured="False"/><patchSpec index="651" colorSpace="rgb" deviceValues="126.2121 126.2121 126.2121" Patch_ID="" BlankPatch="False" Measured="False"/><patchSpec index="652" colorSpace="rgb" deviceValues="123.6364 123.6364 123.6364" Patch_ID="" BlankPatch="False" Measured="False"/><patchSpec index="653" colorSpace="rgb" deviceValues="121.0606 121.0606 121.0606" Patch_ID="" BlankPatch="False" Measured="False"/><patchSpec index="654" colorSpace="rgb" deviceValues="118.4848 118.4848 118.4848" Patch_ID="" BlankPatch="False" Measured="False"/><patchSpec index="655" colorSpace="rgb" deviceValues="115.9091 115.9091 115.9091" Patch_ID="" BlankPatch="False" Measured="False"/><patchSpec index="656" colorSpace="rgb" deviceValues="113.3333 113.3333 113.3333" Patch_ID="" BlankPatch="False" Measured="False"/><patchSpec index="657" colorSpace="rgb" deviceValues="110.7576 110.7576 110.7576" Patch_ID="" BlankPatch="False" Measured="False"/><patchSpec index="658" colorSpace="rgb" deviceValues="108.1818 108.1818 108.1818" Patch_ID="" BlankPatch="False" Measured="False"/><patchSpec index="659" colorSpace="rgb" deviceValues="105.6061 105.6061 105.6061" Patch_ID="" BlankPatch="False" Measured="False"/><patchSpec index="660" colorSpace="rgb" deviceValues="103.0303 103.0303 103.0303" Patch_ID="" BlankPatch="False" Measured="False"/><patchSpec index="661" colorSpace="rgb" deviceValues="100.4545 100.4545 100.4545" Patch_ID="" BlankPatch="False" Measured="False"/><patchSpec index="662" colorSpace="rgb" deviceValues="97.87879 97.87879 97.87879" Patch_ID="" BlankPatch="False" Measured="False"/><patchSpec index="663" colorSpace="rgb" deviceValues="95.30303 95.30303 95.30303" Patch_ID="" BlankPatch="False" Measured="False"/><patchSpec index="664" colorSpace="rgb" deviceValues="92.72727 92.72727 92.72727" Patch_ID="" BlankPatch="False" Measured="False"/><patchSpec index="665" colorSpace="rgb" deviceValues="90.15152 90.15152 90.15152" Patch_ID="" BlankPatch="False" Measured="False"/><patchSpec index="666" colorSpace="rgb" deviceValues="87.57576 87.57576 87.57576" Patch_ID="" BlankPatch="False" Measured="False"/><patchSpec index="667" colorSpace="rgb" deviceValues="85 85 85" Patch_ID="" BlankPatch="False" Measured="False"/><patchSpec index="668" colorSpace="rgb" deviceValues="82.42424 82.42424 82.42424" Patch_ID="" BlankPatch="False" Measured="False"/><patchSpec index="669" colorSpace="rgb" deviceValues="79.84848 79.84848 79.84848" Patch_ID="" BlankPatch="False" Measured="False"/><patchSpec index="670" colorSpace="rgb" deviceValues="77.27273 77.27273 77.27273" Patch_ID="" BlankPatch="False" Measured="False"/><patchSpec index="671" colorSpace="rgb" deviceValues="74.69697 74.69697 74.69697" Patch_ID="" BlankPatch="False" Measured="False"/><patchSpec index="672" colorSpace="rgb" deviceValues="72.12121 72.12121 72.12121" Patch_ID="" BlankPatch="False" Measured="False"/><patchSpec index="673" colorSpace="rgb" deviceValues="69.54545 69.54545 69.54545" Patch_ID="" BlankPatch="False" Measured="False"/><patchSpec index="674" colorSpace="rgb" deviceValues="66.9697 66.9697 66.9697" Patch_ID="" BlankPatch="False" Measured="False"/><patchSpec index="675" colorSpace="rgb" deviceValues="64.39394 64.39394 64.39394" Patch_ID="" BlankPatch="False" Measured="False"/><patchSpec index="676" colorSpace="rgb" deviceValues="61.81818 61.81818 61.81818" Patch_ID="" BlankPatch="False" Measured="False"/><patchSpec index="677" colorSpace="rgb" deviceValues="59.24242 59.24242 59.24242" Patch_ID="" BlankPatch="False" Measured="False"/><patchSpec index="678" colorSpace="rgb" deviceValues="56.66667 56.66667 56.66667" Patch_ID="" BlankPatch="False" Measured="False"/><patchSpec index="679" colorSpace="rgb" deviceValues="54.09091 54.09091 54.09091" Patch_ID="" BlankPatch="False" Measured="False"/><patchSpec index="680" colorSpace="rgb" deviceValues="51.51515 51.51515 51.51515" Patch_ID="" BlankPatch="False" Measured="False"/><patchSpec index="681" colorSpace="rgb" deviceValues="48.93939 48.93939 48.93939" Patch_ID="" BlankPatch="False" Measured="False"/><patchSpec index="682" colorSpace="rgb" deviceValues="46.36364 46.36364 46.36364" Patch_ID="" BlankPatch="False" Measured="False"/><patchSpec index="683" colorSpace="rgb" deviceValues="43.78788 43.78788 43.78788" Patch_ID="" BlankPatch="False" Measured="False"/><patchSpec index="684" colorSpace="rgb" deviceValues="41.21212 41.21212 41.21212" Patch_ID="" BlankPatch="False" Measured="False"/><patchSpec index="685" colorSpace="rgb" deviceValues="38.63636 38.63636 38.63636" Patch_ID="" BlankPatch="False" Measured="False"/><patchSpec index="686" colorSpace="rgb" deviceValues="36.06061 36.06061 36.06061" Patch_ID="" BlankPatch="False" Measured="False"/><patchSpec index="687" colorSpace="rgb" deviceValues="33.48485 33.48485 33.48485" Patch_ID="" BlankPatch="False" Measured="False"/><patchSpec index="688" colorSpace="rgb" deviceValues="30.90909 30.90909 30.90909" Patch_ID="" BlankPatch="False" Measured="False"/><patchSpec index="689" colorSpace="rgb" deviceValues="28.33333 28.33333 28.33333" Patch_ID="" BlankPatch="False" Measured="False"/><patchSpec index="690" colorSpace="rgb" deviceValues="25.75758 25.75758 25.75758" Patch_ID="" BlankPatch="False" Measured="False"/><patchSpec index="691" colorSpace="rgb" deviceValues="23.18182 23.18182 23.18182" Patch_ID="" BlankPatch="False" Measured="False"/><patchSpec index="692" colorSpace="rgb" deviceValues="20.60606 20.60606 20.60606" Patch_ID="" BlankPatch="False" Measured="False"/><patchSpec index="693" colorSpace="rgb" deviceValues="18.0303 18.0303 18.0303" Patch_ID="" BlankPatch="False" Measured="False"/><patchSpec index="694" colorSpace="rgb" deviceValues="15.45455 15.45455 15.45455" Patch_ID="" BlankPatch="False" Measured="False"/><patchSpec index="695" colorSpace="rgb" deviceValues="12.87879 12.87879 12.87879" Patch_ID="" BlankPatch="False" Measured="False"/><patchSpec index="696" colorSpace="rgb" deviceValues="10.30303 10.30303 10.30303" Patch_ID="" BlankPatch="False" Measured="False"/><patchSpec index="697" colorSpace="rgb" deviceValues="7.727273 7.727273 7.727273" Patch_ID="" BlankPatch="False" Measured="False"/><patchSpec index="698" colorSpace="rgb" deviceValues="5.151515 5.151515 5.151515" Patch_ID="" BlankPatch="False" Measured="False"/><patchSpec index="699" colorSpace="rgb" deviceValues="2.575758 2.575758 2.575758" Patch_ID="" BlankPatch="False" Measured="False"/><patchSpec index="700" colorSpace="rgb" deviceValues="0 0 0" Patch_ID="" BlankPatch="False" Measured="False"/></targetPage></pages></root>