<?xml version="1.0" encoding="UTF-8"?><root CreationDate="3561213260" targetName="80" colorSpace="rgb" channelCount="3" isFormatted="True" intendedUse="Custom" SessionFile=""><Colorants Red="54.67 76.04 73.33" Green="86.34 -77.59 78.79" Blue="35.46 57.38 -101.86"/><basePageDescription Height="254" Width="203.2" Orientation="Landscape" preferredUnits="2" topMargin="0" rightMargin="0" bottomMargin="0" leftMargin="0"/><patchSpec intendedInstrument="41" patchWidth="13" patchHeight="10" gapWidth="0.25" gapHeight="2" headerLength="44.9" trailerLength="29.9"><TargetConfiguration DisplayName="DTP41, DTP45" DeviceClass="41"><DesignSettings AllowMultipleDevPagesPerPrintedPage="True" BlackStarters="True" BottomMargin="0" ColumnLabelType="CircleArrowUP" DashedHorizontalSpacers="True" DashedPageOutline="True" DashedVerticalSpacers="True" LeftMargin="0.5" MaxColumns="300" MaximumPageHeight="1219" MaximumPageWidth="108" MaxRows="100" MinimumPageHeight="101" MinimumPageWidth="50.8" RightMargin="0.5" RotateOddPages="True" RowPriority="False" SetSlugLinePosition="Right" SpacerType="MultiColor" TopMargin="0" UseRowLabels="False" Direction="2"/><DeviceSpecificDesign MinimumGapHeight="1" MaximumGapHeight="20" DefaultGapHeight="2" MinimumGapWidth="0" MaximumGapWidth="20" DefaultGapWidth="0.25" MinimumPatchWidth="13" MaximumPatchWidth="30" DefaultPatchWidth="10" MinimumPatchHeight="7" MaximumPatchHeight="20" DefaultPatchHeight="10" MinimumTrailerLength="25.4" MaximumTrailerLength="50" DefaultTrailerLength="30" MinimumHeaderLength="25.4" MaximumHeaderLength="50" DefaultHeaderLength="45" ColumnSeparatorName="StripSpace" RowSeparatorName="SeparatorSize"/></TargetConfiguration></patchSpec><pages><targetPage index="1" Columns="6" Rows="9" Priority="Column" TDL="" CSVString="" totalPatches="54"><patchSpec index="1" colorSpace="rgb" deviceValues="255 255 255" Patch_ID="" BlankPatch="False" Measured="False"/><patchSpec index="2" colorSpace="rgb" deviceValues="251.7722 251.7722 251.7722" Patch_ID="" BlankPatch="False" Measured="False"/><patchSpec index="3" colorSpace="rgb" deviceValues="248.5443 248.5443 248.5443" Patch_ID="" BlankPatch="False" Measured="False"/><patchSpec index="4" colorSpace="rgb" deviceValues="245.3165 245.3165 245.3165" Patch_ID="" BlankPatch="False" Measured="False"/><patchSpec index="5" colorSpace="rgb" deviceValues="242.0886 242.0886 242.0886" Patch_ID="" BlankPatch="False" Measured="False"/><patchSpec index="6" colorSpace="rgb" deviceValues="238.8608 238.8608 238.8608" Patch_ID="" BlankPatch="False" Measured="False"/><patchSpec index="7" colorSpace="rgb" deviceValues="235.6329 235.6329 235.6329" Patch_ID="" BlankPatch="False" Measured="False"/><patchSpec index="8" colorSpace="rgb" deviceValues="232.4051 232.4051 232.4051" Patch_ID="" BlankPatch="False" Measured="False"/><patchSpec index="9" colorSpace="rgb" deviceValues="229.1772 229.1772 229.1772" Patch_ID="" BlankPatch="False" Measured="False"/><patchSpec index="10" colorSpace="rgb" deviceValues="225.9494 225.9494 225.9494" Patch_ID="" BlankPatch="False" Measured="False"/><patchSpec index="11" colorSpace="rgb" deviceValues="222.7215 222.7215 222.7215" Patch_ID="" BlankPatch="False" Measured="False"/><patchSpec index="12" colorSpace="rgb" deviceValues="219.4937 219.4937 219.4937" Patch_ID="" BlankPatch="False" Measured="False"/><patchSpec index="13" colorSpace="rgb" deviceValues="216.2658 216.2658 216.2658" Patch_ID="" BlankPatch="False" Measured="False"/><patchSpec index="14" colorSpace="rgb" deviceValues="213.038 213.038 213.038" Patch_ID="" BlankPatch="False" Measured="False"/><patchSpec index="15" colorSpace="rgb" deviceValues="209.8101 209.8101 209.8101" Patch_ID="" BlankPatch="False" Measured="False"/><patchSpec index="16" colorSpace="rgb" deviceValues="206.5823 206.5823 206.5823" Patch_ID="" BlankPatch="False" Measured="False"/><patchSpec index="17" colorSpace="rgb" deviceValues="203.3544 203.3544 203.3544" Patch_ID="" BlankPatch="False" Measured="False"/><patchSpec index="18" colorSpace="rgb" deviceValues="200.1266 200.1266 200.1266" Patch_ID="" BlankPatch="False" Measured="False"/><patchSpec index="19" colorSpace="rgb" deviceValues="196.8987 196.8987 196.8987" Patch_ID="" BlankPatch="False" Measured="False"/><patchSpec index="20" colorSpace="rgb" deviceValues="193.6709 193.6709 193.6709" Patch_ID="" BlankPatch="False" Measured="False"/><patchSpec index="21" colorSpace="rgb" deviceValues="190.443 190.443 190.443" Patch_ID="" BlankPatch="False" Measured="False"/><patchSpec index="22" colorSpace="rgb" deviceValues="187.2152 187.2152 187.2152" Patch_ID="" BlankPatch="False" Measured="False"/><patchSpec index="23" colorSpace="rgb" deviceValues="183.9873 183.9873 183.9873" Patch_ID="" BlankPatch="False" Measured="False"/><patchSpec index="24" colorSpace="rgb" deviceValues="180.7595 180.7595 180.7595" Patch_ID="" BlankPatch="False" Measured="False"/><patchSpec index="25" colorSpace="rgb" deviceValues="177.5316 177.5316 177.5316" Patch_ID="" BlankPatch="False" Measured="False"/><patchSpec index="26" colorSpace="rgb" deviceValues="174.3038 174.3038 174.3038" Patch_ID="" BlankPatch="False" Measured="False"/><patchSpec index="27" colorSpace="rgb" deviceValues="171.0759 171.0759 171.0759" Patch_ID="" BlankPatch="False" Measured="False"/><patchSpec index="28" colorSpace="rgb" deviceValues="167.8481 167.8481 167.8481" Patch_ID="" BlankPatch="False" Measured="False"/><patchSpec index="29" colorSpace="rgb" deviceValues="164.6203 164.6203 164.6203" Patch_ID="" BlankPatch="False" Measured="False"/><patchSpec index="30" colorSpace="rgb" deviceValues="161.3924 161.3924 161.3924" Patch_ID="" BlankPatch="False" Measured="False"/><patchSpec index="31" colorSpace="rgb" deviceValues="158.1646 158.1646 158.1646" Patch_ID="" BlankPatch="False" Measured="False"/><patchSpec index="32" colorSpace="rgb" deviceValues="154.9367 154.9367 154.9367" Patch_ID="" BlankPatch="False" Measured="False"/><patchSpec index="33" colorSpace="rgb" deviceValues="151.7089 151.7089 151.7089" Patch_ID="" BlankPatch="False" Measured="False"/><patchSpec index="34" colorSpace="rgb" deviceValues="148.481 148.481 148.481" Patch_ID="" BlankPatch="False" Measured="False"/><patchSpec index="35" colorSpace="rgb" deviceValues="145.2532 145.2532 145.2532" Patch_ID="" BlankPatch="False" Measured="False"/><patchSpec index="36" colorSpace="rgb" deviceValues="142.0253 142.0253 142.0253" Patch_ID="" BlankPatch="False" Measured="False"/><patchSpec index="37" colorSpace="rgb" deviceValues="138.7975 138.7975 138.7975" Patch_ID="" BlankPatch="False" Measured="False"/><patchSpec index="38" colorSpace="rgb" deviceValues="135.5696 135.5696 135.5696" Patch_ID="" BlankPatch="False" Measured="False"/><patchSpec index="39" colorSpace="rgb" deviceValues="132.3418 132.3418 132.3418" Patch_ID="" BlankPatch="False" Measured="False"/><patchSpec index="40" colorSpace="rgb" deviceValues="129.1139 129.1139 129.1139" Patch_ID="" BlankPatch="False" Measured="False"/><patchSpec index="41" colorSpace="rgb" deviceValues="125.8861 125.8861 125.8861" Patch_ID="" BlankPatch="False" Measured="False"/><patchSpec index="42" colorSpace="rgb" deviceValues="122.6582 122.6582 122.6582" Patch_ID="" BlankPatch="False" Measured="False"/><patchSpec index="43" colorSpace="rgb" deviceValues="119.4304 119.4304 119.4304" Patch_ID="" BlankPatch="False" Measured="False"/><patchSpec index="44" colorSpace="rgb" deviceValues="116.2025 116.2025 116.2025" Patch_ID="" BlankPatch="False" Measured="False"/><patchSpec index="45" colorSpace="rgb" deviceValues="112.9747 112.9747 112.9747" Patch_ID="" BlankPatch="False" Measured="False"/><patchSpec index="46" colorSpace="rgb" deviceValues="109.7468 109.7468 109.7468" Patch_ID="" BlankPatch="False" Measured="False"/><patchSpec index="47" colorSpace="rgb" deviceValues="106.519 106.519 106.519" Patch_ID="" BlankPatch="False" Measured="False"/><patchSpec index="48" colorSpace="rgb" deviceValues="103.2911 103.2911 103.2911" Patch_ID="" BlankPatch="False" Measured="False"/><patchSpec index="49" colorSpace="rgb" deviceValues="100.0633 100.0633 100.0633" Patch_ID="" BlankPatch="False" Measured="False"/><patchSpec index="50" colorSpace="rgb" deviceValues="96.83544 96.83544 96.83544" Patch_ID="" BlankPatch="False" Measured="False"/><patchSpec index="51" colorSpace="rgb" deviceValues="93.60759 93.60759 93.60759" Patch_ID="" BlankPatch="False" Measured="False"/><patchSpec index="52" colorSpace="rgb" deviceValues="90.37975 90.37975 90.37975" Patch_ID="" BlankPatch="False" Measured="False"/><patchSpec index="53" colorSpace="rgb" deviceValues="87.1519 87.1519 87.1519" Patch_ID="" BlankPatch="False" Measured="False"/><patchSpec index="54" colorSpace="rgb" deviceValues="83.92405 83.92405 83.92405" Patch_ID="" BlankPatch="False" Measured="False"/></targetPage><targetPage index="2" Columns="3" Rows="9" Priority="Column" TDL="" CSVString="" totalPatches="26"><patchSpec index="1" colorSpace="rgb" deviceValues="80.6962 80.6962 80.6962" Patch_ID="" BlankPatch="False" Measured="False"/><patchSpec index="2" colorSpace="rgb" deviceValues="77.46835 77.46835 77.46835" Patch_ID="" BlankPatch="False" Measured="False"/><patchSpec index="3" colorSpace="rgb" deviceValues="74.24051 74.24051 74.24051" Patch_ID="" BlankPatch="False" Measured="False"/><patchSpec index="4" colorSpace="rgb" deviceValues="71.01266 71.01266 71.01266" Patch_ID="" BlankPatch="False" Measured="False"/><patchSpec index="5" colorSpace="rgb" deviceValues="67.78481 67.78481 67.78481" Patch_ID="" BlankPatch="False" Measured="False"/><patchSpec index="6" colorSpace="rgb" deviceValues="64.55696 64.55696 64.55696" Patch_ID="" BlankPatch="False" Measured="False"/><patchSpec index="7" colorSpace="rgb" deviceValues="61.32911 61.32911 61.32911" Patch_ID="" BlankPatch="False" Measured="False"/><patchSpec index="8" colorSpace="rgb" deviceValues="58.10127 58.10127 58.10127" Patch_ID="" BlankPatch="False" Measured="False"/><patchSpec index="9" colorSpace="rgb" deviceValues="54.87342 54.87342 54.87342" Patch_ID="" BlankPatch="False" Measured="False"/><patchSpec index="10" colorSpace="rgb" deviceValues="51.64557 51.64557 51.64557" Patch_ID="" BlankPatch="False" Measured="False"/><patchSpec index="11" colorSpace="rgb" deviceValues="48.41772 48.41772 48.41772" Patch_ID="" BlankPatch="False" Measured="False"/><patchSpec index="12" colorSpace="rgb" deviceValues="45.18987 45.18987 45.18987" Patch_ID="" BlankPatch="False" Measured="False"/><patchSpec index="13" colorSpace="rgb" deviceValues="41.96203 41.96203 41.96203" Patch_ID="" BlankPatch="False" Measured="False"/><patchSpec index="14" colorSpace="rgb" deviceValues="38.73418 38.73418 38.73418" Patch_ID="" BlankPatch="False" Measured="False"/><patchSpec index="15" colorSpace="rgb" deviceValues="35.50633 35.50633 35.50633" Patch_ID="" BlankPatch="False" Measured="False"/><patchSpec index="16" colorSpace="rgb" deviceValues="32.27848 32.27848 32.27848" Patch_ID="" BlankPatch="False" Measured="False"/><patchSpec index="17" colorSpace="rgb" deviceValues="29.05063 29.05063 29.05063" Patch_ID="" BlankPatch="False" Measured="False"/><patchSpec index="18" colorSpace="rgb" deviceValues="25.82278 25.82278 25.82278" Patch_ID="" BlankPatch="False" Measured="False"/><patchSpec index="19" colorSpace="rgb" deviceValues="22.59494 22.59494 22.59494" Patch_ID="" BlankPatch="False" Measured="False"/><patchSpec index="20" colorSpace="rgb" deviceValues="19.36709 19.36709 19.36709" Patch_ID="" BlankPatch="False" Measured="False"/><patchSpec index="21" colorSpace="rgb" deviceValues="16.13924 16.13924 16.13924" Patch_ID="" BlankPatch="False" Measured="False"/><patchSpec index="22" colorSpace="rgb" deviceValues="12.91139 12.91139 12.91139" Patch_ID="" BlankPatch="False" Measured="False"/><patchSpec index="23" colorSpace="rgb" deviceValues="9.683544 9.683544 9.683544" Patch_ID="" BlankPatch="False" Measured="False"/><patchSpec index="24" colorSpace="rgb" deviceValues="6.455696 6.455696 6.455696" Patch_ID="" BlankPatch="False" Measured="False"/><patchSpec index="25" colorSpace="rgb" deviceValues="3.227848 3.227848 3.227848" Patch_ID="" BlankPatch="False" Measured="False"/><patchSpec index="26" colorSpace="rgb" deviceValues="0 0 0" Patch_ID="" BlankPatch="False" Measured="False"/></targetPage></pages><dtp41stripdef height="10" gap="2" trailer="29.9"/></root>