<?xml version="1.0" encoding="UTF-8"?><root CreationDate="3561213223" targetName="21" colorSpace="rgb" channelCount="3" isFormatted="True" intendedUse="Custom" SessionFile=""><Colorants Red="54.67 76.04 73.33" Green="86.34 -77.59 78.79" Blue="35.46 57.38 -101.86"/><basePageDescription Height="254" Width="203.2" Orientation="Landscape" preferredUnits="2" topMargin="0" rightMargin="0" bottomMargin="0" leftMargin="0"/><patchSpec intendedInstrument="41" patchWidth="13" patchHeight="10" gapWidth="0.25" gapHeight="2" headerLength="44.9" trailerLength="29.9"><TargetConfiguration DisplayName="DTP41, DTP45" DeviceClass="41"><DesignSettings AllowMultipleDevPagesPerPrintedPage="True" BlackStarters="True" BottomMargin="0" ColumnLabelType="CircleArrowUP" DashedHorizontalSpacers="True" DashedPageOutline="True" DashedVerticalSpacers="True" LeftMargin="0.5" MaxColumns="300" MaximumPageHeight="1219" MaximumPageWidth="108" MaxRows="100" MinimumPageHeight="101" MinimumPageWidth="50.8" RightMargin="0.5" RotateOddPages="True" RowPriority="False" SetSlugLinePosition="Right" SpacerType="MultiColor" TopMargin="0" UseRowLabels="False" Direction="2"/><DeviceSpecificDesign MinimumGapHeight="1" MaximumGapHeight="20" DefaultGapHeight="2" MinimumGapWidth="0" MaximumGapWidth="20" DefaultGapWidth="0.25" MinimumPatchWidth="13" MaximumPatchWidth="30" DefaultPatchWidth="10" MinimumPatchHeight="7" MaximumPatchHeight="20" DefaultPatchHeight="10" MinimumTrailerLength="25.4" MaximumTrailerLength="50" DefaultTrailerLength="30" MinimumHeaderLength="25.4" MaximumHeaderLength="50" DefaultHeaderLength="45" ColumnSeparatorName="StripSpace" RowSeparatorName="SeparatorSize"/></TargetConfiguration></patchSpec><pages><targetPage index="1" Columns="3" Rows="9" Priority="Column" TDL="" CSVString="" totalPatches="21"><patchSpec index="1" colorSpace="rgb" deviceValues="255 255 255" Patch_ID="" BlankPatch="False" Measured="False"/><patchSpec index="2" colorSpace="rgb" deviceValues="242.25 242.25 242.25" Patch_ID="" BlankPatch="False" Measured="False"/><patchSpec index="3" colorSpace="rgb" deviceValues="229.5 229.5 229.5" Patch_ID="" BlankPatch="False" Measured="False"/><patchSpec index="4" colorSpace="rgb" deviceValues="216.75 216.75 216.75" Patch_ID="" BlankPatch="False" Measured="False"/><patchSpec index="5" colorSpace="rgb" deviceValues="204 204 204" Patch_ID="" BlankPatch="False" Measured="False"/><patchSpec index="6" colorSpace="rgb" deviceValues="191.25 191.25 191.25" Patch_ID="" BlankPatch="False" Measured="False"/><patchSpec index="7" colorSpace="rgb" deviceValues="178.5 178.5 178.5" Patch_ID="" BlankPatch="False" Measured="False"/><patchSpec index="8" colorSpace="rgb" deviceValues="165.75 165.75 165.75" Patch_ID="" BlankPatch="False" Measured="False"/><patchSpec index="9" colorSpace="rgb" deviceValues="153 153 153" Patch_ID="" BlankPatch="False" Measured="False"/><patchSpec index="10" colorSpace="rgb" deviceValues="140.25 140.25 140.25" Patch_ID="" BlankPatch="False" Measured="False"/><patchSpec index="11" colorSpace="rgb" deviceValues="127.5 127.5 127.5" Patch_ID="" BlankPatch="False" Measured="False"/><patchSpec index="12" colorSpace="rgb" deviceValues="114.75 114.75 114.75" Patch_ID="" BlankPatch="False" Measured="False"/><patchSpec index="13" colorSpace="rgb" deviceValues="102 102 102" Patch_ID="" BlankPatch="False" Measured="False"/><patchSpec index="14" colorSpace="rgb" deviceValues="89.25 89.25 89.25" Patch_ID="" BlankPatch="False" Measured="False"/><patchSpec index="15" colorSpace="rgb" deviceValues="76.5 76.5 76.5" Patch_ID="" BlankPatch="False" Measured="False"/><patchSpec index="16" colorSpace="rgb" deviceValues="63.75 63.75 63.75" Patch_ID="" BlankPatch="False" Measured="False"/><patchSpec index="17" colorSpace="rgb" deviceValues="51 51 51" Patch_ID="" BlankPatch="False" Measured="False"/><patchSpec index="18" colorSpace="rgb" deviceValues="38.25 38.25 38.25" Patch_ID="" BlankPatch="False" Measured="False"/><patchSpec index="19" colorSpace="rgb" deviceValues="25.5 25.5 25.5" Patch_ID="" BlankPatch="False" Measured="False"/><patchSpec index="20" colorSpace="rgb" deviceValues="12.75 12.75 12.75" Patch_ID="" BlankPatch="False" Measured="False"/><patchSpec index="21" colorSpace="rgb" deviceValues="0 0 0" Patch_ID="" BlankPatch="False" Measured="False"/></targetPage></pages><dtp41stripdef height="10" gap="2" trailer="29.9"/></root>