<?xml version="1.0" encoding="UTF-8"?><root CreationDate="3552627266" targetName="129" colorSpace="rgb" channelCount="3" isFormatted="True" intendedUse="Custom" SessionFile=""><Colorants Red="54.67 76.04 73.33" Green="86.34 -77.59 78.79" Blue="35.46 57.38 -101.86"/><basePageDescription Height="279.4" Width="215.9" Orientation="Portrait" preferredUnits="2" topMargin="12.7" rightMargin="12.7" bottomMargin="12.7" leftMargin="12.7"/><patchSpec intendedInstrument="70" patchWidth="7" patchHeight="14" gapWidth="0" gapHeight="0" headerLength="31" trailerLength="7"><TargetConfiguration DisplayName="DTP70" DeviceClass="70"><DesignSettings AllowMultipleDevPagesPerPrintedPage="False" BlackStarters="False" BottomMargin="0" ColumnLabelType="ArrowUpEndCols" DashedHorizontalSpacers="False" DashedPageOutline="True" DashedVerticalSpacers="False" LeftMargin="7" MaxColumns="300" MaximumPageHeight="381" MaximumPageWidth="225" MaxRows="300" MinimumPageHeight="140" MinimumPageWidth="88.5" RightMargin="7" RotateOddPages="False" RowPriority="False" SetSlugLinePosition="Bottom" SpacerType="None" TopMargin="0" UseRowLabels="False" Direction="1"><AlignmentBar IsRight="True" IsLeft="True" IsTop="False" IsBottom="False" Thickness="-1" Spacing="-1"/></DesignSettings><DeviceSpecificDesign MinimumGapHeight="0" MaximumGapHeight="0" DefaultGapHeight="0" MinimumGapWidth="0" MaximumGapWidth="0" DefaultGapWidth="0" MinimumPatchWidth="6" MaximumPatchWidth="20" DefaultPatchWidth="7" MinimumPatchHeight="6" MaximumPatchHeight="20" DefaultPatchHeight="7" MinimumTrailerLength="6.5" MaximumTrailerLength="35" DefaultTrailerLength="7" MinimumHeaderLength="30.5" MaximumHeaderLength="50" DefaultHeaderLength="31" ColumnSeparatorName="" RowSeparatorName=""/></TargetConfiguration></patchSpec><pages><targetPage index="1" Columns="23" Rows="6" Priority="Row" TDL="RT&#13;00SATX&#13;01HBTX&#13;0000GATX&#13;170000GCTX&#13;060000GRTX&#13;014.0000000GLTX&#13;031.0000000GTTX&#13;014.0000000PHTX&#13;007.0000000PWTX&#13;000.0000000PGTX&#13;000.0000000PSTX&#13;SingleGrid0000GITX&#13;0000AATX&#13;007.000014.000007.000031.0000000ARTX&#13;0100AATX&#13;007.000014.000175.000031.0000100ARTX&#13;PATCH_BAR0000ASTX&#13;PATCH_BAR0100ASTX&#13;LeftMark0000AITX&#13;RightMark0100AITX&#13;129HDTX&#13;189.000SWTX&#13;248.000SHTX&#13;007.000007.000007.000031.00000SRTX&#13;00MATX&#13;AlignOnMarks &quot;LeftMark&quot; &quot;RightMark&quot;00MCTX&#13;01MATX&#13;ScanGridAlign &quot;SingleGrid&quot;01MCTX&#13;DTTX" CSVString="" totalPatches="129"><patchSpec index="1" colorSpace="rgb" deviceValues="255 255 255" Patch_ID="" BlankPatch="False" Measured="False"/><patchSpec index="2" colorSpace="rgb" deviceValues="253.0078 253.0078 253.0078" Patch_ID="" BlankPatch="False" Measured="False"/><patchSpec index="3" colorSpace="rgb" deviceValues="251.0156 251.0156 251.0156" Patch_ID="" BlankPatch="False" Measured="False"/><patchSpec index="4" colorSpace="rgb" deviceValues="249.0234 249.0234 249.0234" Patch_ID="" BlankPatch="False" Measured="False"/><patchSpec index="5" colorSpace="rgb" deviceValues="247.0312 247.0312 247.0312" Patch_ID="" BlankPatch="False" Measured="False"/><patchSpec index="6" colorSpace="rgb" deviceValues="245.0391 245.0391 245.0391" Patch_ID="" BlankPatch="False" Measured="False"/><patchSpec index="7" colorSpace="rgb" deviceValues="243.0469 243.0469 243.0469" Patch_ID="" BlankPatch="False" Measured="False"/><patchSpec index="8" colorSpace="rgb" deviceValues="241.0547 241.0547 241.0547" Patch_ID="" BlankPatch="False" Measured="False"/><patchSpec index="9" colorSpace="rgb" deviceValues="239.0625 239.0625 239.0625" Patch_ID="" BlankPatch="False" Measured="False"/><patchSpec index="10" colorSpace="rgb" deviceValues="237.0703 237.0703 237.0703" Patch_ID="" BlankPatch="False" Measured="False"/><patchSpec index="11" colorSpace="rgb" deviceValues="235.0781 235.0781 235.0781" Patch_ID="" BlankPatch="False" Measured="False"/><patchSpec index="12" colorSpace="rgb" deviceValues="233.0859 233.0859 233.0859" Patch_ID="" BlankPatch="False" Measured="False"/><patchSpec index="13" colorSpace="rgb" deviceValues="231.0938 231.0938 231.0938" Patch_ID="" BlankPatch="False" Measured="False"/><patchSpec index="14" colorSpace="rgb" deviceValues="229.1016 229.1016 229.1016" Patch_ID="" BlankPatch="False" Measured="False"/><patchSpec index="15" colorSpace="rgb" deviceValues="227.1094 227.1094 227.1094" Patch_ID="" BlankPatch="False" Measured="False"/><patchSpec index="16" colorSpace="rgb" deviceValues="225.1172 225.1172 225.1172" Patch_ID="" BlankPatch="False" Measured="False"/><patchSpec index="17" colorSpace="rgb" deviceValues="223.125 223.125 223.125" Patch_ID="" BlankPatch="False" Measured="False"/><patchSpec index="18" colorSpace="rgb" deviceValues="221.1328 221.1328 221.1328" Patch_ID="" BlankPatch="False" Measured="False"/><patchSpec index="19" colorSpace="rgb" deviceValues="219.1406 219.1406 219.1406" Patch_ID="" BlankPatch="False" Measured="False"/><patchSpec index="20" colorSpace="rgb" deviceValues="217.1484 217.1484 217.1484" Patch_ID="" BlankPatch="False" Measured="False"/><patchSpec index="21" colorSpace="rgb" deviceValues="215.1562 215.1562 215.1562" Patch_ID="" BlankPatch="False" Measured="False"/><patchSpec index="22" colorSpace="rgb" deviceValues="213.1641 213.1641 213.1641" Patch_ID="" BlankPatch="False" Measured="False"/><patchSpec index="23" colorSpace="rgb" deviceValues="211.1719 211.1719 211.1719" Patch_ID="" BlankPatch="False" Measured="False"/><patchSpec index="24" colorSpace="rgb" deviceValues="209.1797 209.1797 209.1797" Patch_ID="" BlankPatch="False" Measured="False"/><patchSpec index="25" colorSpace="rgb" deviceValues="207.1875 207.1875 207.1875" Patch_ID="" BlankPatch="False" Measured="False"/><patchSpec index="26" colorSpace="rgb" deviceValues="205.1953 205.1953 205.1953" Patch_ID="" BlankPatch="False" Measured="False"/><patchSpec index="27" colorSpace="rgb" deviceValues="203.2031 203.2031 203.2031" Patch_ID="" BlankPatch="False" Measured="False"/><patchSpec index="28" colorSpace="rgb" deviceValues="201.2109 201.2109 201.2109" Patch_ID="" BlankPatch="False" Measured="False"/><patchSpec index="29" colorSpace="rgb" deviceValues="199.2188 199.2188 199.2188" Patch_ID="" BlankPatch="False" Measured="False"/><patchSpec index="30" colorSpace="rgb" deviceValues="197.2266 197.2266 197.2266" Patch_ID="" BlankPatch="False" Measured="False"/><patchSpec index="31" colorSpace="rgb" deviceValues="195.2344 195.2344 195.2344" Patch_ID="" BlankPatch="False" Measured="False"/><patchSpec index="32" colorSpace="rgb" deviceValues="193.2422 193.2422 193.2422" Patch_ID="" BlankPatch="False" Measured="False"/><patchSpec index="33" colorSpace="rgb" deviceValues="191.25 191.25 191.25" Patch_ID="" BlankPatch="False" Measured="False"/><patchSpec index="34" colorSpace="rgb" deviceValues="189.2578 189.2578 189.2578" Patch_ID="" BlankPatch="False" Measured="False"/><patchSpec index="35" colorSpace="rgb" deviceValues="187.2656 187.2656 187.2656" Patch_ID="" BlankPatch="False" Measured="False"/><patchSpec index="36" colorSpace="rgb" deviceValues="185.2734 185.2734 185.2734" Patch_ID="" BlankPatch="False" Measured="False"/><patchSpec index="37" colorSpace="rgb" deviceValues="183.2812 183.2812 183.2812" Patch_ID="" BlankPatch="False" Measured="False"/><patchSpec index="38" colorSpace="rgb" deviceValues="181.2891 181.2891 181.2891" Patch_ID="" BlankPatch="False" Measured="False"/><patchSpec index="39" colorSpace="rgb" deviceValues="179.2969 179.2969 179.2969" Patch_ID="" BlankPatch="False" Measured="False"/><patchSpec index="40" colorSpace="rgb" deviceValues="177.3047 177.3047 177.3047" Patch_ID="" BlankPatch="False" Measured="False"/><patchSpec index="41" colorSpace="rgb" deviceValues="175.3125 175.3125 175.3125" Patch_ID="" BlankPatch="False" Measured="False"/><patchSpec index="42" colorSpace="rgb" deviceValues="173.3203 173.3203 173.3203" Patch_ID="" BlankPatch="False" Measured="False"/><patchSpec index="43" colorSpace="rgb" deviceValues="171.3281 171.3281 171.3281" Patch_ID="" BlankPatch="False" Measured="False"/><patchSpec index="44" colorSpace="rgb" deviceValues="169.3359 169.3359 169.3359" Patch_ID="" BlankPatch="False" Measured="False"/><patchSpec index="45" colorSpace="rgb" deviceValues="167.3438 167.3438 167.3438" Patch_ID="" BlankPatch="False" Measured="False"/><patchSpec index="46" colorSpace="rgb" deviceValues="165.3516 165.3516 165.3516" Patch_ID="" BlankPatch="False" Measured="False"/><patchSpec index="47" colorSpace="rgb" deviceValues="163.3594 163.3594 163.3594" Patch_ID="" BlankPatch="False" Measured="False"/><patchSpec index="48" colorSpace="rgb" deviceValues="161.3672 161.3672 161.3672" Patch_ID="" BlankPatch="False" Measured="False"/><patchSpec index="49" colorSpace="rgb" deviceValues="159.375 159.375 159.375" Patch_ID="" BlankPatch="False" Measured="False"/><patchSpec index="50" colorSpace="rgb" deviceValues="157.3828 157.3828 157.3828" Patch_ID="" BlankPatch="False" Measured="False"/><patchSpec index="51" colorSpace="rgb" deviceValues="155.3906 155.3906 155.3906" Patch_ID="" BlankPatch="False" Measured="False"/><patchSpec index="52" colorSpace="rgb" deviceValues="153.3984 153.3984 153.3984" Patch_ID="" BlankPatch="False" Measured="False"/><patchSpec index="53" colorSpace="rgb" deviceValues="151.4062 151.4062 151.4062" Patch_ID="" BlankPatch="False" Measured="False"/><patchSpec index="54" colorSpace="rgb" deviceValues="149.4141 149.4141 149.4141" Patch_ID="" BlankPatch="False" Measured="False"/><patchSpec index="55" colorSpace="rgb" deviceValues="147.4219 147.4219 147.4219" Patch_ID="" BlankPatch="False" Measured="False"/><patchSpec index="56" colorSpace="rgb" deviceValues="145.4297 145.4297 145.4297" Patch_ID="" BlankPatch="False" Measured="False"/><patchSpec index="57" colorSpace="rgb" deviceValues="143.4375 143.4375 143.4375" Patch_ID="" BlankPatch="False" Measured="False"/><patchSpec index="58" colorSpace="rgb" deviceValues="141.4453 141.4453 141.4453" Patch_ID="" BlankPatch="False" Measured="False"/><patchSpec index="59" colorSpace="rgb" deviceValues="139.4531 139.4531 139.4531" Patch_ID="" BlankPatch="False" Measured="False"/><patchSpec index="60" colorSpace="rgb" deviceValues="137.4609 137.4609 137.4609" Patch_ID="" BlankPatch="False" Measured="False"/><patchSpec index="61" colorSpace="rgb" deviceValues="135.4688 135.4688 135.4688" Patch_ID="" BlankPatch="False" Measured="False"/><patchSpec index="62" colorSpace="rgb" deviceValues="133.4766 133.4766 133.4766" Patch_ID="" BlankPatch="False" Measured="False"/><patchSpec index="63" colorSpace="rgb" deviceValues="131.4844 131.4844 131.4844" Patch_ID="" BlankPatch="False" Measured="False"/><patchSpec index="64" colorSpace="rgb" deviceValues="129.4922 129.4922 129.4922" Patch_ID="" BlankPatch="False" Measured="False"/><patchSpec index="65" colorSpace="rgb" deviceValues="127.5 127.5 127.5" Patch_ID="" BlankPatch="False" Measured="False"/><patchSpec index="66" colorSpace="rgb" deviceValues="125.5078 125.5078 125.5078" Patch_ID="" BlankPatch="False" Measured="False"/><patchSpec index="67" colorSpace="rgb" deviceValues="123.5156 123.5156 123.5156" Patch_ID="" BlankPatch="False" Measured="False"/><patchSpec index="68" colorSpace="rgb" deviceValues="121.5234 121.5234 121.5234" Patch_ID="" BlankPatch="False" Measured="False"/><patchSpec index="69" colorSpace="rgb" deviceValues="119.5312 119.5312 119.5312" Patch_ID="" BlankPatch="False" Measured="False"/><patchSpec index="70" colorSpace="rgb" deviceValues="117.5391 117.5391 117.5391" Patch_ID="" BlankPatch="False" Measured="False"/><patchSpec index="71" colorSpace="rgb" deviceValues="115.5469 115.5469 115.5469" Patch_ID="" BlankPatch="False" Measured="False"/><patchSpec index="72" colorSpace="rgb" deviceValues="113.5547 113.5547 113.5547" Patch_ID="" BlankPatch="False" Measured="False"/><patchSpec index="73" colorSpace="rgb" deviceValues="111.5625 111.5625 111.5625" Patch_ID="" BlankPatch="False" Measured="False"/><patchSpec index="74" colorSpace="rgb" deviceValues="109.5703 109.5703 109.5703" Patch_ID="" BlankPatch="False" Measured="False"/><patchSpec index="75" colorSpace="rgb" deviceValues="107.5781 107.5781 107.5781" Patch_ID="" BlankPatch="False" Measured="False"/><patchSpec index="76" colorSpace="rgb" deviceValues="105.5859 105.5859 105.5859" Patch_ID="" BlankPatch="False" Measured="False"/><patchSpec index="77" colorSpace="rgb" deviceValues="103.5938 103.5938 103.5938" Patch_ID="" BlankPatch="False" Measured="False"/><patchSpec index="78" colorSpace="rgb" deviceValues="101.6016 101.6016 101.6016" Patch_ID="" BlankPatch="False" Measured="False"/><patchSpec index="79" colorSpace="rgb" deviceValues="99.60938 99.60938 99.60938" Patch_ID="" BlankPatch="False" Measured="False"/><patchSpec index="80" colorSpace="rgb" deviceValues="97.61719 97.61719 97.61719" Patch_ID="" BlankPatch="False" Measured="False"/><patchSpec index="81" colorSpace="rgb" deviceValues="95.625 95.625 95.625" Patch_ID="" BlankPatch="False" Measured="False"/><patchSpec index="82" colorSpace="rgb" deviceValues="93.63281 93.63281 93.63281" Patch_ID="" BlankPatch="False" Measured="False"/><patchSpec index="83" colorSpace="rgb" deviceValues="91.64062 91.64062 91.64062" Patch_ID="" BlankPatch="False" Measured="False"/><patchSpec index="84" colorSpace="rgb" deviceValues="89.64844 89.64844 89.64844" Patch_ID="" BlankPatch="False" Measured="False"/><patchSpec index="85" colorSpace="rgb" deviceValues="87.65625 87.65625 87.65625" Patch_ID="" BlankPatch="False" Measured="False"/><patchSpec index="86" colorSpace="rgb" deviceValues="85.66406 85.66406 85.66406" Patch_ID="" BlankPatch="False" Measured="False"/><patchSpec index="87" colorSpace="rgb" deviceValues="83.67188 83.67188 83.67188" Patch_ID="" BlankPatch="False" Measured="False"/><patchSpec index="88" colorSpace="rgb" deviceValues="81.67969 81.67969 81.67969" Patch_ID="" BlankPatch="False" Measured="False"/><patchSpec index="89" colorSpace="rgb" deviceValues="79.6875 79.6875 79.6875" Patch_ID="" BlankPatch="False" Measured="False"/><patchSpec index="90" colorSpace="rgb" deviceValues="77.69531 77.69531 77.69531" Patch_ID="" BlankPatch="False" Measured="False"/><patchSpec index="91" colorSpace="rgb" deviceValues="75.70312 75.70312 75.70312" Patch_ID="" BlankPatch="False" Measured="False"/><patchSpec index="92" colorSpace="rgb" deviceValues="73.71094 73.71094 73.71094" Patch_ID="" BlankPatch="False" Measured="False"/><patchSpec index="93" colorSpace="rgb" deviceValues="71.71875 71.71875 71.71875" Patch_ID="" BlankPatch="False" Measured="False"/><patchSpec index="94" colorSpace="rgb" deviceValues="69.72656 69.72656 69.72656" Patch_ID="" BlankPatch="False" Measured="False"/><patchSpec index="95" colorSpace="rgb" deviceValues="67.73438 67.73438 67.73438" Patch_ID="" BlankPatch="False" Measured="False"/><patchSpec index="96" colorSpace="rgb" deviceValues="65.74219 65.74219 65.74219" Patch_ID="" BlankPatch="False" Measured="False"/><patchSpec index="97" colorSpace="rgb" deviceValues="63.75 63.75 63.75" Patch_ID="" BlankPatch="False" Measured="False"/><patchSpec index="98" colorSpace="rgb" deviceValues="61.75781 61.75781 61.75781" Patch_ID="" BlankPatch="False" Measured="False"/><patchSpec index="99" colorSpace="rgb" deviceValues="59.76562 59.76562 59.76562" Patch_ID="" BlankPatch="False" Measured="False"/><patchSpec index="100" colorSpace="rgb" deviceValues="57.77344 57.77344 57.77344" Patch_ID="" BlankPatch="False" Measured="False"/><patchSpec index="101" colorSpace="rgb" deviceValues="55.78125 55.78125 55.78125" Patch_ID="" BlankPatch="False" Measured="False"/><patchSpec index="102" colorSpace="rgb" deviceValues="53.78906 53.78906 53.78906" Patch_ID="" BlankPatch="False" Measured="False"/><patchSpec index="103" colorSpace="rgb" deviceValues="51.79688 51.79688 51.79688" Patch_ID="" BlankPatch="False" Measured="False"/><patchSpec index="104" colorSpace="rgb" deviceValues="49.80469 49.80469 49.80469" Patch_ID="" BlankPatch="False" Measured="False"/><patchSpec index="105" colorSpace="rgb" deviceValues="47.8125 47.8125 47.8125" Patch_ID="" BlankPatch="False" Measured="False"/><patchSpec index="106" colorSpace="rgb" deviceValues="45.82031 45.82031 45.82031" Patch_ID="" BlankPatch="False" Measured="False"/><patchSpec index="107" colorSpace="rgb" deviceValues="43.82812 43.82812 43.82812" Patch_ID="" BlankPatch="False" Measured="False"/><patchSpec index="108" colorSpace="rgb" deviceValues="41.83594 41.83594 41.83594" Patch_ID="" BlankPatch="False" Measured="False"/><patchSpec index="109" colorSpace="rgb" deviceValues="39.84375 39.84375 39.84375" Patch_ID="" BlankPatch="False" Measured="False"/><patchSpec index="110" colorSpace="rgb" deviceValues="37.85156 37.85156 37.85156" Patch_ID="" BlankPatch="False" Measured="False"/><patchSpec index="111" colorSpace="rgb" deviceValues="35.85938 35.85938 35.85938" Patch_ID="" BlankPatch="False" Measured="False"/><patchSpec index="112" colorSpace="rgb" deviceValues="33.86719 33.86719 33.86719" Patch_ID="" BlankPatch="False" Measured="False"/><patchSpec index="113" colorSpace="rgb" deviceValues="31.875 31.875 31.875" Patch_ID="" BlankPatch="False" Measured="False"/><patchSpec index="114" colorSpace="rgb" deviceValues="29.88281 29.88281 29.88281" Patch_ID="" BlankPatch="False" Measured="False"/><patchSpec index="115" colorSpace="rgb" deviceValues="27.89062 27.89062 27.89062" Patch_ID="" BlankPatch="False" Measured="False"/><patchSpec index="116" colorSpace="rgb" deviceValues="25.89844 25.89844 25.89844" Patch_ID="" BlankPatch="False" Measured="False"/><patchSpec index="117" colorSpace="rgb" deviceValues="23.90625 23.90625 23.90625" Patch_ID="" BlankPatch="False" Measured="False"/><patchSpec index="118" colorSpace="rgb" deviceValues="21.91406 21.91406 21.91406" Patch_ID="" BlankPatch="False" Measured="False"/><patchSpec index="119" colorSpace="rgb" deviceValues="19.92188 19.92188 19.92188" Patch_ID="" BlankPatch="False" Measured="False"/><patchSpec index="120" colorSpace="rgb" deviceValues="17.92969 17.92969 17.92969" Patch_ID="" BlankPatch="False" Measured="False"/><patchSpec index="121" colorSpace="rgb" deviceValues="15.9375 15.9375 15.9375" Patch_ID="" BlankPatch="False" Measured="False"/><patchSpec index="122" colorSpace="rgb" deviceValues="13.94531 13.94531 13.94531" Patch_ID="" BlankPatch="False" Measured="False"/><patchSpec index="123" colorSpace="rgb" deviceValues="11.95312 11.95312 11.95312" Patch_ID="" BlankPatch="False" Measured="False"/><patchSpec index="124" colorSpace="rgb" deviceValues="9.960938 9.960938 9.960938" Patch_ID="" BlankPatch="False" Measured="False"/><patchSpec index="125" colorSpace="rgb" deviceValues="7.96875 7.96875 7.96875" Patch_ID="" BlankPatch="False" Measured="False"/><patchSpec index="126" colorSpace="rgb" deviceValues="5.976562 5.976562 5.976562" Patch_ID="" BlankPatch="False" Measured="False"/><patchSpec index="127" colorSpace="rgb" deviceValues="3.984375 3.984375 3.984375" Patch_ID="" BlankPatch="False" Measured="False"/><patchSpec index="128" colorSpace="rgb" deviceValues="1.992188 1.992188 1.992188" Patch_ID="" BlankPatch="False" Measured="False"/><patchSpec index="129" colorSpace="rgb" deviceValues="0 0 0" Patch_ID="" BlankPatch="False" Measured="False"/></targetPage></pages></root>