<?xml version="1.0" encoding="UTF-8"?><root CreationDate="3552627282" targetName="256" colorSpace="rgb" channelCount="3" isFormatted="True" intendedUse="Custom" SessionFile=""><Colorants Red="54.67 76.04 73.33" Green="86.34 -77.59 78.79" Blue="35.46 57.38 -101.86"/><basePageDescription Height="279.4" Width="215.9" Orientation="Portrait" preferredUnits="2" topMargin="12.7" rightMargin="12.7" bottomMargin="12.7" leftMargin="12.7"/><patchSpec intendedInstrument="70" patchWidth="7" patchHeight="14" gapWidth="0" gapHeight="0" headerLength="31" trailerLength="7"><TargetConfiguration DisplayName="DTP70" DeviceClass="70"><DesignSettings AllowMultipleDevPagesPerPrintedPage="False" BlackStarters="False" BottomMargin="0" ColumnLabelType="ArrowUpEndCols" DashedHorizontalSpacers="False" DashedPageOutline="True" DashedVerticalSpacers="False" LeftMargin="7" MaxColumns="300" MaximumPageHeight="381" MaximumPageWidth="225" MaxRows="300" MinimumPageHeight="140" MinimumPageWidth="88.5" RightMargin="7" RotateOddPages="False" RowPriority="False" SetSlugLinePosition="Bottom" SpacerType="None" TopMargin="0" UseRowLabels="False" Direction="1"><AlignmentBar IsRight="True" IsLeft="True" IsTop="False" IsBottom="False" Thickness="-1" Spacing="-1"/></DesignSettings><DeviceSpecificDesign MinimumGapHeight="0" MaximumGapHeight="0" DefaultGapHeight="0" MinimumGapWidth="0" MaximumGapWidth="0" DefaultGapWidth="0" MinimumPatchWidth="6" MaximumPatchWidth="20" DefaultPatchWidth="7" MinimumPatchHeight="6" MaximumPatchHeight="20" DefaultPatchHeight="7" MinimumTrailerLength="6.5" MaximumTrailerLength="35" DefaultTrailerLength="7" MinimumHeaderLength="30.5" MaximumHeaderLength="50" DefaultHeaderLength="31" ColumnSeparatorName="" RowSeparatorName=""/></TargetConfiguration></patchSpec><pages><targetPage index="1" Columns="23" Rows="12" Priority="Row" TDL="RT&#13;00SATX&#13;01HBTX&#13;0000GATX&#13;170000GCTX&#13;0C0000GRTX&#13;014.0000000GLTX&#13;031.0000000GTTX&#13;014.0000000PHTX&#13;007.0000000PWTX&#13;000.0000000PGTX&#13;000.0000000PSTX&#13;SingleGrid0000GITX&#13;0000AATX&#13;007.000014.000007.000031.0000000ARTX&#13;0100AATX&#13;007.000014.000175.000031.0000100ARTX&#13;PATCH_BAR0000ASTX&#13;PATCH_BAR0100ASTX&#13;LeftMark0000AITX&#13;RightMark0100AITX&#13;256HDTX&#13;189.000SWTX&#13;248.000SHTX&#13;007.000007.000007.000031.00000SRTX&#13;00MATX&#13;AlignOnMarks &quot;LeftMark&quot; &quot;RightMark&quot;00MCTX&#13;01MATX&#13;ScanGridAlign &quot;SingleGrid&quot;01MCTX&#13;DTTX" CSVString="" totalPatches="256"><patchSpec index="1" colorSpace="rgb" deviceValues="255 255 255" Patch_ID="" BlankPatch="False" Measured="False"/><patchSpec index="2" colorSpace="rgb" deviceValues="254 254 254" Patch_ID="" BlankPatch="False" Measured="False"/><patchSpec index="3" colorSpace="rgb" deviceValues="253 253 253" Patch_ID="" BlankPatch="False" Measured="False"/><patchSpec index="4" colorSpace="rgb" deviceValues="252 252 252" Patch_ID="" BlankPatch="False" Measured="False"/><patchSpec index="5" colorSpace="rgb" deviceValues="251 251 251" Patch_ID="" BlankPatch="False" Measured="False"/><patchSpec index="6" colorSpace="rgb" deviceValues="250 250 250" Patch_ID="" BlankPatch="False" Measured="False"/><patchSpec index="7" colorSpace="rgb" deviceValues="249 249 249" Patch_ID="" BlankPatch="False" Measured="False"/><patchSpec index="8" colorSpace="rgb" deviceValues="248 248 248" Patch_ID="" BlankPatch="False" Measured="False"/><patchSpec index="9" colorSpace="rgb" deviceValues="247 247 247" Patch_ID="" BlankPatch="False" Measured="False"/><patchSpec index="10" colorSpace="rgb" deviceValues="246 246 246" Patch_ID="" BlankPatch="False" Measured="False"/><patchSpec index="11" colorSpace="rgb" deviceValues="245 245 245" Patch_ID="" BlankPatch="False" Measured="False"/><patchSpec index="12" colorSpace="rgb" deviceValues="244 244 244" Patch_ID="" BlankPatch="False" Measured="False"/><patchSpec index="13" colorSpace="rgb" deviceValues="243 243 243" Patch_ID="" BlankPatch="False" Measured="False"/><patchSpec index="14" colorSpace="rgb" deviceValues="242 242 242" Patch_ID="" BlankPatch="False" Measured="False"/><patchSpec index="15" colorSpace="rgb" deviceValues="241 241 241" Patch_ID="" BlankPatch="False" Measured="False"/><patchSpec index="16" colorSpace="rgb" deviceValues="240 240 240" Patch_ID="" BlankPatch="False" Measured="False"/><patchSpec index="17" colorSpace="rgb" deviceValues="239 239 239" Patch_ID="" BlankPatch="False" Measured="False"/><patchSpec index="18" colorSpace="rgb" deviceValues="238 238 238" Patch_ID="" BlankPatch="False" Measured="False"/><patchSpec index="19" colorSpace="rgb" deviceValues="237 237 237" Patch_ID="" BlankPatch="False" Measured="False"/><patchSpec index="20" colorSpace="rgb" deviceValues="236 236 236" Patch_ID="" BlankPatch="False" Measured="False"/><patchSpec index="21" colorSpace="rgb" deviceValues="235 235 235" Patch_ID="" BlankPatch="False" Measured="False"/><patchSpec index="22" colorSpace="rgb" deviceValues="234 234 234" Patch_ID="" BlankPatch="False" Measured="False"/><patchSpec index="23" colorSpace="rgb" deviceValues="233 233 233" Patch_ID="" BlankPatch="False" Measured="False"/><patchSpec index="24" colorSpace="rgb" deviceValues="232 232 232" Patch_ID="" BlankPatch="False" Measured="False"/><patchSpec index="25" colorSpace="rgb" deviceValues="231 231 231" Patch_ID="" BlankPatch="False" Measured="False"/><patchSpec index="26" colorSpace="rgb" deviceValues="230 230 230" Patch_ID="" BlankPatch="False" Measured="False"/><patchSpec index="27" colorSpace="rgb" deviceValues="229 229 229" Patch_ID="" BlankPatch="False" Measured="False"/><patchSpec index="28" colorSpace="rgb" deviceValues="228 228 228" Patch_ID="" BlankPatch="False" Measured="False"/><patchSpec index="29" colorSpace="rgb" deviceValues="227 227 227" Patch_ID="" BlankPatch="False" Measured="False"/><patchSpec index="30" colorSpace="rgb" deviceValues="226 226 226" Patch_ID="" BlankPatch="False" Measured="False"/><patchSpec index="31" colorSpace="rgb" deviceValues="225 225 225" Patch_ID="" BlankPatch="False" Measured="False"/><patchSpec index="32" colorSpace="rgb" deviceValues="224 224 224" Patch_ID="" BlankPatch="False" Measured="False"/><patchSpec index="33" colorSpace="rgb" deviceValues="223 223 223" Patch_ID="" BlankPatch="False" Measured="False"/><patchSpec index="34" colorSpace="rgb" deviceValues="222 222 222" Patch_ID="" BlankPatch="False" Measured="False"/><patchSpec index="35" colorSpace="rgb" deviceValues="221 221 221" Patch_ID="" BlankPatch="False" Measured="False"/><patchSpec index="36" colorSpace="rgb" deviceValues="220 220 220" Patch_ID="" BlankPatch="False" Measured="False"/><patchSpec index="37" colorSpace="rgb" deviceValues="219 219 219" Patch_ID="" BlankPatch="False" Measured="False"/><patchSpec index="38" colorSpace="rgb" deviceValues="218 218 218" Patch_ID="" BlankPatch="False" Measured="False"/><patchSpec index="39" colorSpace="rgb" deviceValues="217 217 217" Patch_ID="" BlankPatch="False" Measured="False"/><patchSpec index="40" colorSpace="rgb" deviceValues="216 216 216" Patch_ID="" BlankPatch="False" Measured="False"/><patchSpec index="41" colorSpace="rgb" deviceValues="215 215 215" Patch_ID="" BlankPatch="False" Measured="False"/><patchSpec index="42" colorSpace="rgb" deviceValues="214 214 214" Patch_ID="" BlankPatch="False" Measured="False"/><patchSpec index="43" colorSpace="rgb" deviceValues="213 213 213" Patch_ID="" BlankPatch="False" Measured="False"/><patchSpec index="44" colorSpace="rgb" deviceValues="212 212 212" Patch_ID="" BlankPatch="False" Measured="False"/><patchSpec index="45" colorSpace="rgb" deviceValues="211 211 211" Patch_ID="" BlankPatch="False" Measured="False"/><patchSpec index="46" colorSpace="rgb" deviceValues="210 210 210" Patch_ID="" BlankPatch="False" Measured="False"/><patchSpec index="47" colorSpace="rgb" deviceValues="209 209 209" Patch_ID="" BlankPatch="False" Measured="False"/><patchSpec index="48" colorSpace="rgb" deviceValues="208 208 208" Patch_ID="" BlankPatch="False" Measured="False"/><patchSpec index="49" colorSpace="rgb" deviceValues="207 207 207" Patch_ID="" BlankPatch="False" Measured="False"/><patchSpec index="50" colorSpace="rgb" deviceValues="206 206 206" Patch_ID="" BlankPatch="False" Measured="False"/><patchSpec index="51" colorSpace="rgb" deviceValues="205 205 205" Patch_ID="" BlankPatch="False" Measured="False"/><patchSpec index="52" colorSpace="rgb" deviceValues="204 204 204" Patch_ID="" BlankPatch="False" Measured="False"/><patchSpec index="53" colorSpace="rgb" deviceValues="203 203 203" Patch_ID="" BlankPatch="False" Measured="False"/><patchSpec index="54" colorSpace="rgb" deviceValues="202 202 202" Patch_ID="" BlankPatch="False" Measured="False"/><patchSpec index="55" colorSpace="rgb" deviceValues="201 201 201" Patch_ID="" BlankPatch="False" Measured="False"/><patchSpec index="56" colorSpace="rgb" deviceValues="200 200 200" Patch_ID="" BlankPatch="False" Measured="False"/><patchSpec index="57" colorSpace="rgb" deviceValues="199 199 199" Patch_ID="" BlankPatch="False" Measured="False"/><patchSpec index="58" colorSpace="rgb" deviceValues="198 198 198" Patch_ID="" BlankPatch="False" Measured="False"/><patchSpec index="59" colorSpace="rgb" deviceValues="197 197 197" Patch_ID="" BlankPatch="False" Measured="False"/><patchSpec index="60" colorSpace="rgb" deviceValues="196 196 196" Patch_ID="" BlankPatch="False" Measured="False"/><patchSpec index="61" colorSpace="rgb" deviceValues="195 195 195" Patch_ID="" BlankPatch="False" Measured="False"/><patchSpec index="62" colorSpace="rgb" deviceValues="194 194 194" Patch_ID="" BlankPatch="False" Measured="False"/><patchSpec index="63" colorSpace="rgb" deviceValues="193 193 193" Patch_ID="" BlankPatch="False" Measured="False"/><patchSpec index="64" colorSpace="rgb" deviceValues="192 192 192" Patch_ID="" BlankPatch="False" Measured="False"/><patchSpec index="65" colorSpace="rgb" deviceValues="191 191 191" Patch_ID="" BlankPatch="False" Measured="False"/><patchSpec index="66" colorSpace="rgb" deviceValues="190 190 190" Patch_ID="" BlankPatch="False" Measured="False"/><patchSpec index="67" colorSpace="rgb" deviceValues="189 189 189" Patch_ID="" BlankPatch="False" Measured="False"/><patchSpec index="68" colorSpace="rgb" deviceValues="188 188 188" Patch_ID="" BlankPatch="False" Measured="False"/><patchSpec index="69" colorSpace="rgb" deviceValues="187 187 187" Patch_ID="" BlankPatch="False" Measured="False"/><patchSpec index="70" colorSpace="rgb" deviceValues="186 186 186" Patch_ID="" BlankPatch="False" Measured="False"/><patchSpec index="71" colorSpace="rgb" deviceValues="185 185 185" Patch_ID="" BlankPatch="False" Measured="False"/><patchSpec index="72" colorSpace="rgb" deviceValues="184 184 184" Patch_ID="" BlankPatch="False" Measured="False"/><patchSpec index="73" colorSpace="rgb" deviceValues="183 183 183" Patch_ID="" BlankPatch="False" Measured="False"/><patchSpec index="74" colorSpace="rgb" deviceValues="182 182 182" Patch_ID="" BlankPatch="False" Measured="False"/><patchSpec index="75" colorSpace="rgb" deviceValues="181 181 181" Patch_ID="" BlankPatch="False" Measured="False"/><patchSpec index="76" colorSpace="rgb" deviceValues="180 180 180" Patch_ID="" BlankPatch="False" Measured="False"/><patchSpec index="77" colorSpace="rgb" deviceValues="179 179 179" Patch_ID="" BlankPatch="False" Measured="False"/><patchSpec index="78" colorSpace="rgb" deviceValues="178 178 178" Patch_ID="" BlankPatch="False" Measured="False"/><patchSpec index="79" colorSpace="rgb" deviceValues="177 177 177" Patch_ID="" BlankPatch="False" Measured="False"/><patchSpec index="80" colorSpace="rgb" deviceValues="176 176 176" Patch_ID="" BlankPatch="False" Measured="False"/><patchSpec index="81" colorSpace="rgb" deviceValues="175 175 175" Patch_ID="" BlankPatch="False" Measured="False"/><patchSpec index="82" colorSpace="rgb" deviceValues="174 174 174" Patch_ID="" BlankPatch="False" Measured="False"/><patchSpec index="83" colorSpace="rgb" deviceValues="173 173 173" Patch_ID="" BlankPatch="False" Measured="False"/><patchSpec index="84" colorSpace="rgb" deviceValues="172 172 172" Patch_ID="" BlankPatch="False" Measured="False"/><patchSpec index="85" colorSpace="rgb" deviceValues="171 171 171" Patch_ID="" BlankPatch="False" Measured="False"/><patchSpec index="86" colorSpace="rgb" deviceValues="170 170 170" Patch_ID="" BlankPatch="False" Measured="False"/><patchSpec index="87" colorSpace="rgb" deviceValues="169 169 169" Patch_ID="" BlankPatch="False" Measured="False"/><patchSpec index="88" colorSpace="rgb" deviceValues="168 168 168" Patch_ID="" BlankPatch="False" Measured="False"/><patchSpec index="89" colorSpace="rgb" deviceValues="167 167 167" Patch_ID="" BlankPatch="False" Measured="False"/><patchSpec index="90" colorSpace="rgb" deviceValues="166 166 166" Patch_ID="" BlankPatch="False" Measured="False"/><patchSpec index="91" colorSpace="rgb" deviceValues="165 165 165" Patch_ID="" BlankPatch="False" Measured="False"/><patchSpec index="92" colorSpace="rgb" deviceValues="164 164 164" Patch_ID="" BlankPatch="False" Measured="False"/><patchSpec index="93" colorSpace="rgb" deviceValues="163 163 163" Patch_ID="" BlankPatch="False" Measured="False"/><patchSpec index="94" colorSpace="rgb" deviceValues="162 162 162" Patch_ID="" BlankPatch="False" Measured="False"/><patchSpec index="95" colorSpace="rgb" deviceValues="161 161 161" Patch_ID="" BlankPatch="False" Measured="False"/><patchSpec index="96" colorSpace="rgb" deviceValues="160 160 160" Patch_ID="" BlankPatch="False" Measured="False"/><patchSpec index="97" colorSpace="rgb" deviceValues="159 159 159" Patch_ID="" BlankPatch="False" Measured="False"/><patchSpec index="98" colorSpace="rgb" deviceValues="158 158 158" Patch_ID="" BlankPatch="False" Measured="False"/><patchSpec index="99" colorSpace="rgb" deviceValues="157 157 157" Patch_ID="" BlankPatch="False" Measured="False"/><patchSpec index="100" colorSpace="rgb" deviceValues="156 156 156" Patch_ID="" BlankPatch="False" Measured="False"/><patchSpec index="101" colorSpace="rgb" deviceValues="155 155 155" Patch_ID="" BlankPatch="False" Measured="False"/><patchSpec index="102" colorSpace="rgb" deviceValues="154 154 154" Patch_ID="" BlankPatch="False" Measured="False"/><patchSpec index="103" colorSpace="rgb" deviceValues="153 153 153" Patch_ID="" BlankPatch="False" Measured="False"/><patchSpec index="104" colorSpace="rgb" deviceValues="152 152 152" Patch_ID="" BlankPatch="False" Measured="False"/><patchSpec index="105" colorSpace="rgb" deviceValues="151 151 151" Patch_ID="" BlankPatch="False" Measured="False"/><patchSpec index="106" colorSpace="rgb" deviceValues="150 150 150" Patch_ID="" BlankPatch="False" Measured="False"/><patchSpec index="107" colorSpace="rgb" deviceValues="149 149 149" Patch_ID="" BlankPatch="False" Measured="False"/><patchSpec index="108" colorSpace="rgb" deviceValues="148 148 148" Patch_ID="" BlankPatch="False" Measured="False"/><patchSpec index="109" colorSpace="rgb" deviceValues="147 147 147" Patch_ID="" BlankPatch="False" Measured="False"/><patchSpec index="110" colorSpace="rgb" deviceValues="146 146 146" Patch_ID="" BlankPatch="False" Measured="False"/><patchSpec index="111" colorSpace="rgb" deviceValues="145 145 145" Patch_ID="" BlankPatch="False" Measured="False"/><patchSpec index="112" colorSpace="rgb" deviceValues="144 144 144" Patch_ID="" BlankPatch="False" Measured="False"/><patchSpec index="113" colorSpace="rgb" deviceValues="143 143 143" Patch_ID="" BlankPatch="False" Measured="False"/><patchSpec index="114" colorSpace="rgb" deviceValues="142 142 142" Patch_ID="" BlankPatch="False" Measured="False"/><patchSpec index="115" colorSpace="rgb" deviceValues="141 141 141" Patch_ID="" BlankPatch="False" Measured="False"/><patchSpec index="116" colorSpace="rgb" deviceValues="140 140 140" Patch_ID="" BlankPatch="False" Measured="False"/><patchSpec index="117" colorSpace="rgb" deviceValues="139 139 139" Patch_ID="" BlankPatch="False" Measured="False"/><patchSpec index="118" colorSpace="rgb" deviceValues="138 138 138" Patch_ID="" BlankPatch="False" Measured="False"/><patchSpec index="119" colorSpace="rgb" deviceValues="137 137 137" Patch_ID="" BlankPatch="False" Measured="False"/><patchSpec index="120" colorSpace="rgb" deviceValues="136 136 136" Patch_ID="" BlankPatch="False" Measured="False"/><patchSpec index="121" colorSpace="rgb" deviceValues="135 135 135" Patch_ID="" BlankPatch="False" Measured="False"/><patchSpec index="122" colorSpace="rgb" deviceValues="134 134 134" Patch_ID="" BlankPatch="False" Measured="False"/><patchSpec index="123" colorSpace="rgb" deviceValues="133 133 133" Patch_ID="" BlankPatch="False" Measured="False"/><patchSpec index="124" colorSpace="rgb" deviceValues="132 132 132" Patch_ID="" BlankPatch="False" Measured="False"/><patchSpec index="125" colorSpace="rgb" deviceValues="131 131 131" Patch_ID="" BlankPatch="False" Measured="False"/><patchSpec index="126" colorSpace="rgb" deviceValues="130 130 130" Patch_ID="" BlankPatch="False" Measured="False"/><patchSpec index="127" colorSpace="rgb" deviceValues="129 129 129" Patch_ID="" BlankPatch="False" Measured="False"/><patchSpec index="128" colorSpace="rgb" deviceValues="128 128 128" Patch_ID="" BlankPatch="False" Measured="False"/><patchSpec index="129" colorSpace="rgb" deviceValues="127 127 127" Patch_ID="" BlankPatch="False" Measured="False"/><patchSpec index="130" colorSpace="rgb" deviceValues="126 126 126" Patch_ID="" BlankPatch="False" Measured="False"/><patchSpec index="131" colorSpace="rgb" deviceValues="125 125 125" Patch_ID="" BlankPatch="False" Measured="False"/><patchSpec index="132" colorSpace="rgb" deviceValues="124 124 124" Patch_ID="" BlankPatch="False" Measured="False"/><patchSpec index="133" colorSpace="rgb" deviceValues="123 123 123" Patch_ID="" BlankPatch="False" Measured="False"/><patchSpec index="134" colorSpace="rgb" deviceValues="122 122 122" Patch_ID="" BlankPatch="False" Measured="False"/><patchSpec index="135" colorSpace="rgb" deviceValues="121 121 121" Patch_ID="" BlankPatch="False" Measured="False"/><patchSpec index="136" colorSpace="rgb" deviceValues="120 120 120" Patch_ID="" BlankPatch="False" Measured="False"/><patchSpec index="137" colorSpace="rgb" deviceValues="119 119 119" Patch_ID="" BlankPatch="False" Measured="False"/><patchSpec index="138" colorSpace="rgb" deviceValues="118 118 118" Patch_ID="" BlankPatch="False" Measured="False"/><patchSpec index="139" colorSpace="rgb" deviceValues="117 117 117" Patch_ID="" BlankPatch="False" Measured="False"/><patchSpec index="140" colorSpace="rgb" deviceValues="116 116 116" Patch_ID="" BlankPatch="False" Measured="False"/><patchSpec index="141" colorSpace="rgb" deviceValues="115 115 115" Patch_ID="" BlankPatch="False" Measured="False"/><patchSpec index="142" colorSpace="rgb" deviceValues="114 114 114" Patch_ID="" BlankPatch="False" Measured="False"/><patchSpec index="143" colorSpace="rgb" deviceValues="113 113 113" Patch_ID="" BlankPatch="False" Measured="False"/><patchSpec index="144" colorSpace="rgb" deviceValues="112 112 112" Patch_ID="" BlankPatch="False" Measured="False"/><patchSpec index="145" colorSpace="rgb" deviceValues="111 111 111" Patch_ID="" BlankPatch="False" Measured="False"/><patchSpec index="146" colorSpace="rgb" deviceValues="110 110 110" Patch_ID="" BlankPatch="False" Measured="False"/><patchSpec index="147" colorSpace="rgb" deviceValues="109 109 109" Patch_ID="" BlankPatch="False" Measured="False"/><patchSpec index="148" colorSpace="rgb" deviceValues="108 108 108" Patch_ID="" BlankPatch="False" Measured="False"/><patchSpec index="149" colorSpace="rgb" deviceValues="107 107 107" Patch_ID="" BlankPatch="False" Measured="False"/><patchSpec index="150" colorSpace="rgb" deviceValues="106 106 106" Patch_ID="" BlankPatch="False" Measured="False"/><patchSpec index="151" colorSpace="rgb" deviceValues="105 105 105" Patch_ID="" BlankPatch="False" Measured="False"/><patchSpec index="152" colorSpace="rgb" deviceValues="104 104 104" Patch_ID="" BlankPatch="False" Measured="False"/><patchSpec index="153" colorSpace="rgb" deviceValues="103 103 103" Patch_ID="" BlankPatch="False" Measured="False"/><patchSpec index="154" colorSpace="rgb" deviceValues="102 102 102" Patch_ID="" BlankPatch="False" Measured="False"/><patchSpec index="155" colorSpace="rgb" deviceValues="101 101 101" Patch_ID="" BlankPatch="False" Measured="False"/><patchSpec index="156" colorSpace="rgb" deviceValues="100 100 100" Patch_ID="" BlankPatch="False" Measured="False"/><patchSpec index="157" colorSpace="rgb" deviceValues="99 99 99" Patch_ID="" BlankPatch="False" Measured="False"/><patchSpec index="158" colorSpace="rgb" deviceValues="98 98 98" Patch_ID="" BlankPatch="False" Measured="False"/><patchSpec index="159" colorSpace="rgb" deviceValues="97 97 97" Patch_ID="" BlankPatch="False" Measured="False"/><patchSpec index="160" colorSpace="rgb" deviceValues="96 96 96" Patch_ID="" BlankPatch="False" Measured="False"/><patchSpec index="161" colorSpace="rgb" deviceValues="95 95 95" Patch_ID="" BlankPatch="False" Measured="False"/><patchSpec index="162" colorSpace="rgb" deviceValues="94 94 94" Patch_ID="" BlankPatch="False" Measured="False"/><patchSpec index="163" colorSpace="rgb" deviceValues="93 93 93" Patch_ID="" BlankPatch="False" Measured="False"/><patchSpec index="164" colorSpace="rgb" deviceValues="92 92 92" Patch_ID="" BlankPatch="False" Measured="False"/><patchSpec index="165" colorSpace="rgb" deviceValues="91 91 91" Patch_ID="" BlankPatch="False" Measured="False"/><patchSpec index="166" colorSpace="rgb" deviceValues="90 90 90" Patch_ID="" BlankPatch="False" Measured="False"/><patchSpec index="167" colorSpace="rgb" deviceValues="89 89 89" Patch_ID="" BlankPatch="False" Measured="False"/><patchSpec index="168" colorSpace="rgb" deviceValues="88 88 88" Patch_ID="" BlankPatch="False" Measured="False"/><patchSpec index="169" colorSpace="rgb" deviceValues="87 87 87" Patch_ID="" BlankPatch="False" Measured="False"/><patchSpec index="170" colorSpace="rgb" deviceValues="86 86 86" Patch_ID="" BlankPatch="False" Measured="False"/><patchSpec index="171" colorSpace="rgb" deviceValues="85 85 85" Patch_ID="" BlankPatch="False" Measured="False"/><patchSpec index="172" colorSpace="rgb" deviceValues="84 84 84" Patch_ID="" BlankPatch="False" Measured="False"/><patchSpec index="173" colorSpace="rgb" deviceValues="83 83 83" Patch_ID="" BlankPatch="False" Measured="False"/><patchSpec index="174" colorSpace="rgb" deviceValues="82 82 82" Patch_ID="" BlankPatch="False" Measured="False"/><patchSpec index="175" colorSpace="rgb" deviceValues="81 81 81" Patch_ID="" BlankPatch="False" Measured="False"/><patchSpec index="176" colorSpace="rgb" deviceValues="80 80 80" Patch_ID="" BlankPatch="False" Measured="False"/><patchSpec index="177" colorSpace="rgb" deviceValues="79 79 79" Patch_ID="" BlankPatch="False" Measured="False"/><patchSpec index="178" colorSpace="rgb" deviceValues="78 78 78" Patch_ID="" BlankPatch="False" Measured="False"/><patchSpec index="179" colorSpace="rgb" deviceValues="77 77 77" Patch_ID="" BlankPatch="False" Measured="False"/><patchSpec index="180" colorSpace="rgb" deviceValues="76 76 76" Patch_ID="" BlankPatch="False" Measured="False"/><patchSpec index="181" colorSpace="rgb" deviceValues="75 75 75" Patch_ID="" BlankPatch="False" Measured="False"/><patchSpec index="182" colorSpace="rgb" deviceValues="74 74 74" Patch_ID="" BlankPatch="False" Measured="False"/><patchSpec index="183" colorSpace="rgb" deviceValues="73 73 73" Patch_ID="" BlankPatch="False" Measured="False"/><patchSpec index="184" colorSpace="rgb" deviceValues="72 72 72" Patch_ID="" BlankPatch="False" Measured="False"/><patchSpec index="185" colorSpace="rgb" deviceValues="71 71 71" Patch_ID="" BlankPatch="False" Measured="False"/><patchSpec index="186" colorSpace="rgb" deviceValues="70 70 70" Patch_ID="" BlankPatch="False" Measured="False"/><patchSpec index="187" colorSpace="rgb" deviceValues="69 69 69" Patch_ID="" BlankPatch="False" Measured="False"/><patchSpec index="188" colorSpace="rgb" deviceValues="68 68 68" Patch_ID="" BlankPatch="False" Measured="False"/><patchSpec index="189" colorSpace="rgb" deviceValues="67 67 67" Patch_ID="" BlankPatch="False" Measured="False"/><patchSpec index="190" colorSpace="rgb" deviceValues="66 66 66" Patch_ID="" BlankPatch="False" Measured="False"/><patchSpec index="191" colorSpace="rgb" deviceValues="65 65 65" Patch_ID="" BlankPatch="False" Measured="False"/><patchSpec index="192" colorSpace="rgb" deviceValues="64 64 64" Patch_ID="" BlankPatch="False" Measured="False"/><patchSpec index="193" colorSpace="rgb" deviceValues="63 63 63" Patch_ID="" BlankPatch="False" Measured="False"/><patchSpec index="194" colorSpace="rgb" deviceValues="62 62 62" Patch_ID="" BlankPatch="False" Measured="False"/><patchSpec index="195" colorSpace="rgb" deviceValues="61 61 61" Patch_ID="" BlankPatch="False" Measured="False"/><patchSpec index="196" colorSpace="rgb" deviceValues="60 60 60" Patch_ID="" BlankPatch="False" Measured="False"/><patchSpec index="197" colorSpace="rgb" deviceValues="59 59 59" Patch_ID="" BlankPatch="False" Measured="False"/><patchSpec index="198" colorSpace="rgb" deviceValues="58 58 58" Patch_ID="" BlankPatch="False" Measured="False"/><patchSpec index="199" colorSpace="rgb" deviceValues="57 57 57" Patch_ID="" BlankPatch="False" Measured="False"/><patchSpec index="200" colorSpace="rgb" deviceValues="56 56 56" Patch_ID="" BlankPatch="False" Measured="False"/><patchSpec index="201" colorSpace="rgb" deviceValues="55 55 55" Patch_ID="" BlankPatch="False" Measured="False"/><patchSpec index="202" colorSpace="rgb" deviceValues="54 54 54" Patch_ID="" BlankPatch="False" Measured="False"/><patchSpec index="203" colorSpace="rgb" deviceValues="53 53 53" Patch_ID="" BlankPatch="False" Measured="False"/><patchSpec index="204" colorSpace="rgb" deviceValues="52 52 52" Patch_ID="" BlankPatch="False" Measured="False"/><patchSpec index="205" colorSpace="rgb" deviceValues="51 51 51" Patch_ID="" BlankPatch="False" Measured="False"/><patchSpec index="206" colorSpace="rgb" deviceValues="50 50 50" Patch_ID="" BlankPatch="False" Measured="False"/><patchSpec index="207" colorSpace="rgb" deviceValues="49 49 49" Patch_ID="" BlankPatch="False" Measured="False"/><patchSpec index="208" colorSpace="rgb" deviceValues="48 48 48" Patch_ID="" BlankPatch="False" Measured="False"/><patchSpec index="209" colorSpace="rgb" deviceValues="47 47 47" Patch_ID="" BlankPatch="False" Measured="False"/><patchSpec index="210" colorSpace="rgb" deviceValues="46 46 46" Patch_ID="" BlankPatch="False" Measured="False"/><patchSpec index="211" colorSpace="rgb" deviceValues="45 45 45" Patch_ID="" BlankPatch="False" Measured="False"/><patchSpec index="212" colorSpace="rgb" deviceValues="44 44 44" Patch_ID="" BlankPatch="False" Measured="False"/><patchSpec index="213" colorSpace="rgb" deviceValues="43 43 43" Patch_ID="" BlankPatch="False" Measured="False"/><patchSpec index="214" colorSpace="rgb" deviceValues="42 42 42" Patch_ID="" BlankPatch="False" Measured="False"/><patchSpec index="215" colorSpace="rgb" deviceValues="41 41 41" Patch_ID="" BlankPatch="False" Measured="False"/><patchSpec index="216" colorSpace="rgb" deviceValues="40 40 40" Patch_ID="" BlankPatch="False" Measured="False"/><patchSpec index="217" colorSpace="rgb" deviceValues="39 39 39" Patch_ID="" BlankPatch="False" Measured="False"/><patchSpec index="218" colorSpace="rgb" deviceValues="38 38 38" Patch_ID="" BlankPatch="False" Measured="False"/><patchSpec index="219" colorSpace="rgb" deviceValues="37 37 37" Patch_ID="" BlankPatch="False" Measured="False"/><patchSpec index="220" colorSpace="rgb" deviceValues="36 36 36" Patch_ID="" BlankPatch="False" Measured="False"/><patchSpec index="221" colorSpace="rgb" deviceValues="35 35 35" Patch_ID="" BlankPatch="False" Measured="False"/><patchSpec index="222" colorSpace="rgb" deviceValues="34 34 34" Patch_ID="" BlankPatch="False" Measured="False"/><patchSpec index="223" colorSpace="rgb" deviceValues="33 33 33" Patch_ID="" BlankPatch="False" Measured="False"/><patchSpec index="224" colorSpace="rgb" deviceValues="32 32 32" Patch_ID="" BlankPatch="False" Measured="False"/><patchSpec index="225" colorSpace="rgb" deviceValues="31 31 31" Patch_ID="" BlankPatch="False" Measured="False"/><patchSpec index="226" colorSpace="rgb" deviceValues="30 30 30" Patch_ID="" BlankPatch="False" Measured="False"/><patchSpec index="227" colorSpace="rgb" deviceValues="29 29 29" Patch_ID="" BlankPatch="False" Measured="False"/><patchSpec index="228" colorSpace="rgb" deviceValues="28 28 28" Patch_ID="" BlankPatch="False" Measured="False"/><patchSpec index="229" colorSpace="rgb" deviceValues="27 27 27" Patch_ID="" BlankPatch="False" Measured="False"/><patchSpec index="230" colorSpace="rgb" deviceValues="26 26 26" Patch_ID="" BlankPatch="False" Measured="False"/><patchSpec index="231" colorSpace="rgb" deviceValues="25 25 25" Patch_ID="" BlankPatch="False" Measured="False"/><patchSpec index="232" colorSpace="rgb" deviceValues="24 24 24" Patch_ID="" BlankPatch="False" Measured="False"/><patchSpec index="233" colorSpace="rgb" deviceValues="23 23 23" Patch_ID="" BlankPatch="False" Measured="False"/><patchSpec index="234" colorSpace="rgb" deviceValues="22 22 22" Patch_ID="" BlankPatch="False" Measured="False"/><patchSpec index="235" colorSpace="rgb" deviceValues="21 21 21" Patch_ID="" BlankPatch="False" Measured="False"/><patchSpec index="236" colorSpace="rgb" deviceValues="20 20 20" Patch_ID="" BlankPatch="False" Measured="False"/><patchSpec index="237" colorSpace="rgb" deviceValues="19 19 19" Patch_ID="" BlankPatch="False" Measured="False"/><patchSpec index="238" colorSpace="rgb" deviceValues="18 18 18" Patch_ID="" BlankPatch="False" Measured="False"/><patchSpec index="239" colorSpace="rgb" deviceValues="17 17 17" Patch_ID="" BlankPatch="False" Measured="False"/><patchSpec index="240" colorSpace="rgb" deviceValues="16 16 16" Patch_ID="" BlankPatch="False" Measured="False"/><patchSpec index="241" colorSpace="rgb" deviceValues="15 15 15" Patch_ID="" BlankPatch="False" Measured="False"/><patchSpec index="242" colorSpace="rgb" deviceValues="14 14 14" Patch_ID="" BlankPatch="False" Measured="False"/><patchSpec index="243" colorSpace="rgb" deviceValues="13 13 13" Patch_ID="" BlankPatch="False" Measured="False"/><patchSpec index="244" colorSpace="rgb" deviceValues="12 12 12" Patch_ID="" BlankPatch="False" Measured="False"/><patchSpec index="245" colorSpace="rgb" deviceValues="11 11 11" Patch_ID="" BlankPatch="False" Measured="False"/><patchSpec index="246" colorSpace="rgb" deviceValues="10 10 10" Patch_ID="" BlankPatch="False" Measured="False"/><patchSpec index="247" colorSpace="rgb" deviceValues="9 9 9" Patch_ID="" BlankPatch="False" Measured="False"/><patchSpec index="248" colorSpace="rgb" deviceValues="8 8 8" Patch_ID="" BlankPatch="False" Measured="False"/><patchSpec index="249" colorSpace="rgb" deviceValues="7 7 7" Patch_ID="" BlankPatch="False" Measured="False"/><patchSpec index="250" colorSpace="rgb" deviceValues="6 6 6" Patch_ID="" BlankPatch="False" Measured="False"/><patchSpec index="251" colorSpace="rgb" deviceValues="5 5 5" Patch_ID="" BlankPatch="False" Measured="False"/><patchSpec index="252" colorSpace="rgb" deviceValues="4 4 4" Patch_ID="" BlankPatch="False" Measured="False"/><patchSpec index="253" colorSpace="rgb" deviceValues="3 3 3" Patch_ID="" BlankPatch="False" Measured="False"/><patchSpec index="254" colorSpace="rgb" deviceValues="2 2 2" Patch_ID="" BlankPatch="False" Measured="False"/><patchSpec index="255" colorSpace="rgb" deviceValues="1 1 1" Patch_ID="" BlankPatch="False" Measured="False"/><patchSpec index="256" colorSpace="rgb" deviceValues="0 0 0" Patch_ID="" BlankPatch="False" Measured="False"/></targetPage></pages></root>